
> ams-backend@1.0.0 start:dev
> nest start --watch

[2J[3J[H[[90m5:27:08 PM[0m] Starting compilation in watch mode...

[[90m5:27:16 PM[0m] Found 0 errors. Watching for file changes.

[32m[Nest] 79600  - [39m06/04/2026, 5:27:20 PM [32m    LOG[39m [38;5;3m[NestFactory] [39m[32mStarting Nest application...[39m
[32m[Nest] 79600  - [39m06/04/2026, 5:27:20 PM [32m    LOG[39m [38;5;3m[InstanceLoader] [39m[32mAppModule dependencies initialized[39m[38;5;3m +48ms[39m
[32m[Nest] 79600  - [39m06/04/2026, 5:27:20 PM [32m    LOG[39m [38;5;3m[InstanceLoader] [39m[32mTypeOrmModule dependencies initialized[39m[38;5;3m +1ms[39m
[32m[Nest] 79600  - [39m06/04/2026, 5:27:20 PM [32m    LOG[39m [38;5;3m[InstanceLoader] [39m[32mPassportModule dependencies initialized[39m[38;5;3m +0ms[39m
[32m[Nest] 79600  - [39m06/04/2026, 5:27:20 PM [32m    LOG[39m [38;5;3m[InstanceLoader] [39m[32mConfigHostModule dependencies initialized[39m[38;5;3m +1ms[39m
[32m[Nest] 79600  - [39m06/04/2026, 5:27:20 PM [32m    LOG[39m [38;5;3m[InstanceLoader] [39m[32mDiscoveryModule dependencies initialized[39m[38;5;3m +0ms[39m
[32m[Nest] 79600  - [39m06/04/2026, 5:27:20 PM [32m    LOG[39m [38;5;3m[InstanceLoader] [39m[32mConfigModule dependencies initialized[39m[38;5;3m +1ms[39m
[32m[Nest] 79600  - [39m06/04/2026, 5:27:20 PM [32m    LOG[39m [38;5;3m[InstanceLoader] [39m[32mConfigModule dependencies initialized[39m[38;5;3m +0ms[39m
[32m[Nest] 79600  - [39m06/04/2026, 5:27:20 PM [32m    LOG[39m [38;5;3m[InstanceLoader] [39m[32mScheduleModule dependencies initialized[39m[38;5;3m +3ms[39m
[32m[Nest] 79600  - [39m06/04/2026, 5:27:20 PM [32m    LOG[39m [38;5;3m[InstanceLoader] [39m[32mJerasoftModule dependencies initialized[39m[38;5;3m +27ms[39m
[32m[Nest] 79600  - [39m06/04/2026, 5:27:20 PM [32m    LOG[39m [38;5;3m[InstanceLoader] [39m[32mCredentialsModule dependencies initialized[39m[38;5;3m +0ms[39m
[32m[Nest] 79600  - [39m06/04/2026, 5:27:20 PM [32m    LOG[39m [38;5;3m[InstanceLoader] [39m[32mJwtModule dependencies initialized[39m[38;5;3m +0ms[39m
[32m[Nest] 79600  - [39m06/04/2026, 5:27:20 PM [32m    LOG[39m [38;5;3m[InstanceLoader] [39m[32mWebsocketModule dependencies initialized[39m[38;5;3m +1ms[39m
[32m[Nest] 79600  - [39m06/04/2026, 5:27:20 PM [32m    LOG[39m [38;5;3m[InstanceLoader] [39m[32mTypeOrmCoreModule dependencies initialized[39m[38;5;3m +144ms[39m
[32m[Nest] 79600  - [39m06/04/2026, 5:27:20 PM [32m    LOG[39m [38;5;3m[InstanceLoader] [39m[32mTypeOrmModule dependencies initialized[39m[38;5;3m +0ms[39m
[32m[Nest] 79600  - [39m06/04/2026, 5:27:20 PM [32m    LOG[39m [38;5;3m[InstanceLoader] [39m[32mTypeOrmModule dependencies initialized[39m[38;5;3m +0ms[39m
[32m[Nest] 79600  - [39m06/04/2026, 5:27:20 PM [32m    LOG[39m [38;5;3m[InstanceLoader] [39m[32mTypeOrmModule dependencies initialized[39m[38;5;3m +1ms[39m
[32m[Nest] 79600  - [39m06/04/2026, 5:27:20 PM [32m    LOG[39m [38;5;3m[InstanceLoader] [39m[32mTypeOrmModule dependencies initialized[39m[38;5;3m +0ms[39m
[32m[Nest] 79600  - [39m06/04/2026, 5:27:20 PM [32m    LOG[39m [38;5;3m[InstanceLoader] [39m[32mTypeOrmModule dependencies initialized[39m[38;5;3m +0ms[39m
[32m[Nest] 79600  - [39m06/04/2026, 5:27:20 PM [32m    LOG[39m [38;5;3m[InstanceLoader] [39m[32mTypeOrmModule dependencies initialized[39m[38;5;3m +0ms[39m
[32m[Nest] 79600  - [39m06/04/2026, 5:27:20 PM [32m    LOG[39m [38;5;3m[InstanceLoader] [39m[32mTypeOrmModule dependencies initialized[39m[38;5;3m +0ms[39m
[32m[Nest] 79600  - [39m06/04/2026, 5:27:20 PM [32m    LOG[39m [38;5;3m[InstanceLoader] [39m[32mTypeOrmModule dependencies initialized[39m[38;5;3m +0ms[39m
[32m[Nest] 79600  - [39m06/04/2026, 5:27:20 PM [32m    LOG[39m [38;5;3m[InstanceLoader] [39m[32mTypeOrmModule dependencies initialized[39m[38;5;3m +0ms[39m
[32m[Nest] 79600  - [39m06/04/2026, 5:27:20 PM [32m    LOG[39m [38;5;3m[InstanceLoader] [39m[32mTypeOrmModule dependencies initialized[39m[38;5;3m +0ms[39m
[32m[Nest] 79600  - [39m06/04/2026, 5:27:20 PM [32m    LOG[39m [38;5;3m[InstanceLoader] [39m[32mTypeOrmModule dependencies initialized[39m[38;5;3m +0ms[39m
[32m[Nest] 79600  - [39m06/04/2026, 5:27:20 PM [32m    LOG[39m [38;5;3m[InstanceLoader] [39m[32mAuditModule dependencies initialized[39m[38;5;3m +3ms[39m
[32m[Nest] 79600  - [39m06/04/2026, 5:27:20 PM [32m    LOG[39m [38;5;3m[InstanceLoader] [39m[32mExternalDatasourcesModule dependencies initialized[39m[38;5;3m +0ms[39m
[32m[Nest] 79600  - [39m06/04/2026, 5:27:20 PM [32m    LOG[39m [38;5;3m[InstanceLoader] [39m[32mSystemModule dependencies initialized[39m[38;5;3m +2ms[39m
[32m[Nest] 79600  - [39m06/04/2026, 5:27:20 PM [32m    LOG[39m [38;5;3m[InstanceLoader] [39m[32mDatasetsModule dependencies initialized[39m[38;5;3m +1ms[39m
[32m[Nest] 79600  - [39m06/04/2026, 5:27:20 PM [32m    LOG[39m [38;5;3m[InstanceLoader] [39m[32mStageModule dependencies initialized[39m[38;5;3m +0ms[39m
[32m[Nest] 79600  - [39m06/04/2026, 5:27:20 PM [32m    LOG[39m [38;5;3m[InstanceLoader] [39m[32mAuditLogModule dependencies initialized[39m[38;5;3m +6ms[39m
[32m[Nest] 79600  - [39m06/04/2026, 5:27:20 PM [32m    LOG[39m [38;5;3m[InstanceLoader] [39m[32mZamaniReportModule dependencies initialized[39m[38;5;3m +0ms[39m
[32m[Nest] 79600  - [39m06/04/2026, 5:27:20 PM [32m    LOG[39m [38;5;3m[InstanceLoader] [39m[32mExportModule dependencies initialized[39m[38;5;3m +1ms[39m
[32m[Nest] 79600  - [39m06/04/2026, 5:27:20 PM [32m    LOG[39m [38;5;3m[InstanceLoader] [39m[32mDashboardModule dependencies initialized[39m[38;5;3m +0ms[39m
[32m[Nest] 79600  - [39m06/04/2026, 5:27:20 PM [32m    LOG[39m [38;5;3m[InstanceLoader] [39m[32mAuthModule dependencies initialized[39m[38;5;3m +0ms[39m
[32m[Nest] 79600  - [39m06/04/2026, 5:27:20 PM [32m    LOG[39m [38;5;3m[InstanceLoader] [39m[32mNotificationsModule dependencies initialized[39m[38;5;3m +1ms[39m
[32m[Nest] 79600  - [39m06/04/2026, 5:27:20 PM [32m    LOG[39m [38;5;3m[InstanceLoader] [39m[32mAdminDatasourcesModule dependencies initialized[39m[38;5;3m +0ms[39m
[32m[Nest] 79600  - [39m06/04/2026, 5:27:20 PM [32m    LOG[39m [38;5;3m[InstanceLoader] [39m[32mAdminUsersModule dependencies initialized[39m[38;5;3m +0ms[39m
[32m[Nest] 79600  - [39m06/04/2026, 5:27:20 PM [32m    LOG[39m [38;5;3m[InstanceLoader] [39m[32mSettingsModule dependencies initialized[39m[38;5;3m +0ms[39m
[32m[Nest] 79600  - [39m06/04/2026, 5:27:20 PM [32m    LOG[39m [38;5;3m[InstanceLoader] [39m[32mSchedulerModule dependencies initialized[39m[38;5;3m +0ms[39m
[32m[Nest] 79600  - [39m06/04/2026, 5:27:20 PM [32m    LOG[39m [38;5;3m[InstanceLoader] [39m[32mAdminDatasetsModule dependencies initialized[39m[38;5;3m +0ms[39m
[32m[Nest] 79600  - [39m06/04/2026, 5:27:20 PM [32m    LOG[39m [38;5;3m[InstanceLoader] [39m[32mConditionsModule dependencies initialized[39m[38;5;3m +0ms[39m
[32m[Nest] 79600  - [39m06/04/2026, 5:27:20 PM [32m    LOG[39m [38;5;3m[EventsGateway] [39m[32mWebSocket Gateway initialized[39m
[32m[Nest] 79600  - [39m06/04/2026, 5:27:20 PM [32m    LOG[39m [38;5;3m[WebSocketsController] [39m[32mEventsGateway subscribed to the "subscribe:dataset" message[39m[38;5;3m +1ms[39m
[32m[Nest] 79600  - [39m06/04/2026, 5:27:20 PM [32m    LOG[39m [38;5;3m[WebSocketsController] [39m[32mEventsGateway subscribed to the "unsubscribe:dataset" message[39m[38;5;3m +0ms[39m
[32m[Nest] 79600  - [39m06/04/2026, 5:27:20 PM [32m    LOG[39m [38;5;3m[RoutesResolver] [39m[32mAuthController {/auth}:[39m[38;5;3m +2ms[39m
[32m[Nest] 79600  - [39m06/04/2026, 5:27:20 PM [32m    LOG[39m [38;5;3m[RouterExplorer] [39m[32mMapped {/auth/login, POST} route[39m[38;5;3m +3ms[39m
[32m[Nest] 79600  - [39m06/04/2026, 5:27:20 PM [32m    LOG[39m [38;5;3m[RouterExplorer] [39m[32mMapped {/auth/refresh, POST} route[39m[38;5;3m +1ms[39m
[32m[Nest] 79600  - [39m06/04/2026, 5:27:20 PM [32m    LOG[39m [38;5;3m[RouterExplorer] [39m[32mMapped {/auth/logout, POST} route[39m[38;5;3m +1ms[39m
[32m[Nest] 79600  - [39m06/04/2026, 5:27:20 PM [32m    LOG[39m [38;5;3m[RouterExplorer] [39m[32mMapped {/auth/change-password, POST} route[39m[38;5;3m +0ms[39m
[32m[Nest] 79600  - [39m06/04/2026, 5:27:20 PM [32m    LOG[39m [38;5;3m[RoutesResolver] [39m[32mSchedulesController {/schedules}:[39m[38;5;3m +1ms[39m
[32m[Nest] 79600  - [39m06/04/2026, 5:27:20 PM [32m    LOG[39m [38;5;3m[RouterExplorer] [39m[32mMapped {/schedules, GET} route[39m[38;5;3m +0ms[39m
[32m[Nest] 79600  - [39m06/04/2026, 5:27:20 PM [32m    LOG[39m [38;5;3m[RouterExplorer] [39m[32mMapped {/schedules/:datasetId, PUT} route[39m[38;5;3m +1ms[39m
[32m[Nest] 79600  - [39m06/04/2026, 5:27:20 PM [32m    LOG[39m [38;5;3m[RouterExplorer] [39m[32mMapped {/schedules/:datasetId/trigger, POST} route[39m[38;5;3m +1ms[39m
[32m[Nest] 79600  - [39m06/04/2026, 5:27:20 PM [32m    LOG[39m [38;5;3m[RoutesResolver] [39m[32mConditionsController {/conditions}:[39m[38;5;3m +0ms[39m
[32m[Nest] 79600  - [39m06/04/2026, 5:27:20 PM [32m    LOG[39m [38;5;3m[RouterExplorer] [39m[32mMapped {/conditions, GET} route[39m[38;5;3m +0ms[39m
[32m[Nest] 79600  - [39m06/04/2026, 5:27:20 PM [32m    LOG[39m [38;5;3m[RouterExplorer] [39m[32mMapped {/conditions, POST} route[39m[38;5;3m +1ms[39m
[32m[Nest] 79600  - [39m06/04/2026, 5:27:20 PM [32m    LOG[39m [38;5;3m[RouterExplorer] [39m[32mMapped {/conditions/:id, PUT} route[39m[38;5;3m +1ms[39m
[32m[Nest] 79600  - [39m06/04/2026, 5:27:20 PM [32m    LOG[39m [38;5;3m[RouterExplorer] [39m[32mMapped {/conditions/:id, DELETE} route[39m[38;5;3m +0ms[39m
[32m[Nest] 79600  - [39m06/04/2026, 5:27:20 PM [32m    LOG[39m [38;5;3m[RouterExplorer] [39m[32mMapped {/conditions/test-notify-preview, POST} route[39m[38;5;3m +1ms[39m
[32m[Nest] 79600  - [39m06/04/2026, 5:27:20 PM [32m    LOG[39m [38;5;3m[RouterExplorer] [39m[32mMapped {/conditions/:id/preview, POST} route[39m[38;5;3m +0ms[39m
[32m[Nest] 79600  - [39m06/04/2026, 5:27:20 PM [32m    LOG[39m [38;5;3m[RouterExplorer] [39m[32mMapped {/conditions/:id/trigger-now, POST} route[39m[38;5;3m +0ms[39m
[32m[Nest] 79600  - [39m06/04/2026, 5:27:20 PM [32m    LOG[39m [38;5;3m[RouterExplorer] [39m[32mMapped {/conditions/:id/test-notify, POST} route[39m[38;5;3m +1ms[39m
[32m[Nest] 79600  - [39m06/04/2026, 5:27:20 PM [32m    LOG[39m [38;5;3m[RoutesResolver] [39m[32mNotificationsController {/notifications}:[39m[38;5;3m +0ms[39m
[32m[Nest] 79600  - [39m06/04/2026, 5:27:20 PM [32m    LOG[39m [38;5;3m[RouterExplorer] [39m[32mMapped {/notifications, GET} route[39m[38;5;3m +0ms[39m
[32m[Nest] 79600  - [39m06/04/2026, 5:27:20 PM [32m    LOG[39m [38;5;3m[RouterExplorer] [39m[32mMapped {/notifications/:id/retry, POST} route[39m[38;5;3m +0ms[39m
[32m[Nest] 79600  - [39m06/04/2026, 5:27:20 PM [32m    LOG[39m [38;5;3m[RoutesResolver] [39m[32mDashboardController {/dashboard}:[39m[38;5;3m +1ms[39m
[32m[Nest] 79600  - [39m06/04/2026, 5:27:20 PM [32m    LOG[39m [38;5;3m[RouterExplorer] [39m[32mMapped {/dashboard/datasets, GET} route[39m[38;5;3m +0ms[39m
[32m[Nest] 79600  - [39m06/04/2026, 5:27:20 PM [32m    LOG[39m [38;5;3m[RouterExplorer] [39m[32mMapped {/dashboard/:datasetId/data, GET} route[39m[38;5;3m +0ms[39m
[32m[Nest] 79600  - [39m06/04/2026, 5:27:20 PM [32m    LOG[39m [38;5;3m[RouterExplorer] [39m[32mMapped {/dashboard/:datasetId/matrix, GET} route[39m[38;5;3m +1ms[39m
[32m[Nest] 79600  - [39m06/04/2026, 5:27:20 PM [32m    LOG[39m [38;5;3m[RouterExplorer] [39m[32mMapped {/dashboard/:datasetId/refresh, POST} route[39m[38;5;3m +0ms[39m
[32m[Nest] 79600  - [39m06/04/2026, 5:27:20 PM [32m    LOG[39m [38;5;3m[RouterExplorer] [39m[32mMapped {/dashboard/:datasetId/history, GET} route[39m[38;5;3m +0ms[39m
[32m[Nest] 79600  - [39m06/04/2026, 5:27:20 PM [32m    LOG[39m [38;5;3m[RoutesResolver] [39m[32mExportController {/export}:[39m[38;5;3m +0ms[39m
[32m[Nest] 79600  - [39m06/04/2026, 5:27:20 PM [32m    LOG[39m [38;5;3m[RouterExplorer] [39m[32mMapped {/export/:datasetId/csv, GET} route[39m[38;5;3m +1ms[39m
[32m[Nest] 79600  - [39m06/04/2026, 5:27:20 PM [32m    LOG[39m [38;5;3m[RouterExplorer] [39m[32mMapped {/export/:datasetId/excel, GET} route[39m[38;5;3m +0ms[39m
[32m[Nest] 79600  - [39m06/04/2026, 5:27:20 PM [32m    LOG[39m [38;5;3m[RoutesResolver] [39m[32mAdminUsersController {/admin/users}:[39m[38;5;3m +0ms[39m
[32m[Nest] 79600  - [39m06/04/2026, 5:27:20 PM [32m    LOG[39m [38;5;3m[RouterExplorer] [39m[32mMapped {/admin/users, GET} route[39m[38;5;3m +1ms[39m
[32m[Nest] 79600  - [39m06/04/2026, 5:27:20 PM [32m    LOG[39m [38;5;3m[RouterExplorer] [39m[32mMapped {/admin/users, POST} route[39m[38;5;3m +0ms[39m
[32m[Nest] 79600  - [39m06/04/2026, 5:27:20 PM [32m    LOG[39m [38;5;3m[RouterExplorer] [39m[32mMapped {/admin/users/:id, PUT} route[39m[38;5;3m +0ms[39m
[32m[Nest] 79600  - [39m06/04/2026, 5:27:20 PM [32m    LOG[39m [38;5;3m[RouterExplorer] [39m[32mMapped {/admin/users/:id/deactivate, POST} route[39m[38;5;3m +1ms[39m
[32m[Nest] 79600  - [39m06/04/2026, 5:27:20 PM [32m    LOG[39m [38;5;3m[RouterExplorer] [39m[32mMapped {/admin/users/:id/sessions, GET} route[39m[38;5;3m +0ms[39m
[32m[Nest] 79600  - [39m06/04/2026, 5:27:20 PM [32m    LOG[39m [38;5;3m[RouterExplorer] [39m[32mMapped {/admin/users/:id/sessions/:sid, DELETE} route[39m[38;5;3m +0ms[39m
[32m[Nest] 79600  - [39m06/04/2026, 5:27:20 PM [32m    LOG[39m [38;5;3m[RoutesResolver] [39m[32mAdminDatasetsController {/admin/datasets}:[39m[38;5;3m +0ms[39m
[32m[Nest] 79600  - [39m06/04/2026, 5:27:20 PM [32m    LOG[39m [38;5;3m[RouterExplorer] [39m[32mMapped {/admin/datasets, GET} route[39m[38;5;3m +1ms[39m
[32m[Nest] 79600  - [39m06/04/2026, 5:27:20 PM [32m    LOG[39m [38;5;3m[RouterExplorer] [39m[32mMapped {/admin/datasets, POST} route[39m[38;5;3m +0ms[39m
[32m[Nest] 79600  - [39m06/04/2026, 5:27:20 PM [32m    LOG[39m [38;5;3m[RouterExplorer] [39m[32mMapped {/admin/datasets/:id, PUT} route[39m[38;5;3m +0ms[39m
[32m[Nest] 79600  - [39m06/04/2026, 5:27:20 PM [32m    LOG[39m [38;5;3m[RouterExplorer] [39m[32mMapped {/admin/datasets/:id, DELETE} route[39m[38;5;3m +0ms[39m
[32m[Nest] 79600  - [39m06/04/2026, 5:27:20 PM [32m    LOG[39m [38;5;3m[RouterExplorer] [39m[32mMapped {/admin/datasets/validate-sql, POST} route[39m[38;5;3m +1ms[39m
[32m[Nest] 79600  - [39m06/04/2026, 5:27:20 PM [32m    LOG[39m [38;5;3m[RoutesResolver] [39m[32mAdminDatasourcesController {/admin/datasources}:[39m[38;5;3m +0ms[39m
[32m[Nest] 79600  - [39m06/04/2026, 5:27:20 PM [32m    LOG[39m [38;5;3m[RouterExplorer] [39m[32mMapped {/admin/datasources, GET} route[39m[38;5;3m +0ms[39m
[32m[Nest] 79600  - [39m06/04/2026, 5:27:20 PM [32m    LOG[39m [38;5;3m[RouterExplorer] [39m[32mMapped {/admin/datasources/:id, GET} route[39m[38;5;3m +0ms[39m
[32m[Nest] 79600  - [39m06/04/2026, 5:27:20 PM [32m    LOG[39m [38;5;3m[RouterExplorer] [39m[32mMapped {/admin/datasources, POST} route[39m[38;5;3m +0ms[39m
[32m[Nest] 79600  - [39m06/04/2026, 5:27:20 PM [32m    LOG[39m [38;5;3m[RouterExplorer] [39m[32mMapped {/admin/datasources/:id, PUT} route[39m[38;5;3m +1ms[39m
[32m[Nest] 79600  - [39m06/04/2026, 5:27:20 PM [32m    LOG[39m [38;5;3m[RouterExplorer] [39m[32mMapped {/admin/datasources/:id, DELETE} route[39m[38;5;3m +0ms[39m
[32m[Nest] 79600  - [39m06/04/2026, 5:27:20 PM [32m    LOG[39m [38;5;3m[RouterExplorer] [39m[32mMapped {/admin/datasources/test-connection, POST} route[39m[38;5;3m +0ms[39m
[32m[Nest] 79600  - [39m06/04/2026, 5:27:20 PM [32m    LOG[39m [38;5;3m[RoutesResolver] [39m[32mSettingsController {/admin/settings}:[39m[38;5;3m +0ms[39m
[32m[Nest] 79600  - [39m06/04/2026, 5:27:20 PM [32m    LOG[39m [38;5;3m[RouterExplorer] [39m[32mMapped {/admin/settings, GET} route[39m[38;5;3m +1ms[39m
[32m[Nest] 79600  - [39m06/04/2026, 5:27:20 PM [32m    LOG[39m [38;5;3m[RouterExplorer] [39m[32mMapped {/admin/settings, PUT} route[39m[38;5;3m +0ms[39m
[32m[Nest] 79600  - [39m06/04/2026, 5:27:20 PM [32m    LOG[39m [38;5;3m[RouterExplorer] [39m[32mMapped {/admin/settings/test-jerasoft, POST} route[39m[38;5;3m +0ms[39m
[32m[Nest] 79600  - [39m06/04/2026, 5:27:20 PM [32m    LOG[39m [38;5;3m[RouterExplorer] [39m[32mMapped {/admin/settings/test-graph, POST} route[39m[38;5;3m +1ms[39m
[32m[Nest] 79600  - [39m06/04/2026, 5:27:20 PM [32m    LOG[39m [38;5;3m[RouterExplorer] [39m[32mMapped {/admin/settings/test-teams, POST} route[39m[38;5;3m +0ms[39m
[32m[Nest] 79600  - [39m06/04/2026, 5:27:20 PM [32m    LOG[39m [38;5;3m[RouterExplorer] [39m[32mMapped {/admin/settings/rotate-key, POST} route[39m[38;5;3m +0ms[39m
[32m[Nest] 79600  - [39m06/04/2026, 5:27:20 PM [32m    LOG[39m [38;5;3m[RoutesResolver] [39m[32mAuditLogController {/admin/audit-log}:[39m[38;5;3m +0ms[39m
[32m[Nest] 79600  - [39m06/04/2026, 5:27:20 PM [32m    LOG[39m [38;5;3m[RouterExplorer] [39m[32mMapped {/admin/audit-log, GET} route[39m[38;5;3m +0ms[39m
[32m[Nest] 79600  - [39m06/04/2026, 5:27:20 PM [32m    LOG[39m [38;5;3m[RouterExplorer] [39m[32mMapped {/admin/audit-log/export, GET} route[39m[38;5;3m +1ms[39m
[32m[Nest] 79600  - [39m06/04/2026, 5:27:20 PM [32m    LOG[39m [38;5;3m[RoutesResolver] [39m[32mHealthController {/system}:[39m[38;5;3m +0ms[39m
[32m[Nest] 79600  - [39m06/04/2026, 5:27:20 PM [32m    LOG[39m [38;5;3m[RouterExplorer] [39m[32mMapped {/system/health, GET} route[39m[38;5;3m +0ms[39m
[32m[Nest] 79600  - [39m06/04/2026, 5:27:20 PM [32m    LOG[39m [38;5;3m[RoutesResolver] [39m[32mZamaniReportController {/reports/zamani}:[39m[38;5;3m +0ms[39m
[32m[Nest] 79600  - [39m06/04/2026, 5:27:20 PM [32m    LOG[39m [38;5;3m[RouterExplorer] [39m[32mMapped {/reports/zamani/filters, GET} route[39m[38;5;3m +0ms[39m
[32m[Nest] 79600  - [39m06/04/2026, 5:27:20 PM [32m    LOG[39m [38;5;3m[RouterExplorer] [39m[32mMapped {/reports/zamani/yesterday, GET} route[39m[38;5;3m +1ms[39m
[32m[Nest] 79600  - [39m06/04/2026, 5:27:20 PM [32m    LOG[39m [38;5;3m[RouterExplorer] [39m[32mMapped {/reports/zamani/comparison, GET} route[39m[38;5;3m +0ms[39m
[32m[Nest] 79600  - [39m06/04/2026, 5:27:20 PM [32m    LOG[39m [38;5;3m[RouterExplorer] [39m[32mMapped {/reports/zamani/mtd, GET} route[39m[38;5;3m +0ms[39m
[32m[Nest] 79600  - [39m06/04/2026, 5:27:20 PM [32m    LOG[39m [38;5;3m[RouterExplorer] [39m[32mMapped {/reports/zamani/projections, GET} route[39m[38;5;3m +1ms[39m
[32m[Nest] 79600  - [39m06/04/2026, 5:27:20 PM [32m    LOG[39m [38;5;3m[RouterExplorer] [39m[32mMapped {/reports/zamani/targets, GET} route[39m[38;5;3m +0ms[39m
[32m[Nest] 79600  - [39m06/04/2026, 5:27:20 PM [32m    LOG[39m [38;5;3m[RouterExplorer] [39m[32mMapped {/reports/zamani/targets, POST} route[39m[38;5;3m +0ms[39m
[32m[Nest] 79600  - [39m06/04/2026, 5:27:20 PM [32m    LOG[39m [38;5;3m[JerasoftService] [39m[32mJerasoft database connection established[39m
[32m[Nest] 79600  - [39m06/04/2026, 5:27:20 PM [32m    LOG[39m [38;5;3m[SchedulerService] [39m[32mLoading 3 active datasets for scheduling[39m
[32m[Nest] 79600  - [39m06/04/2026, 5:27:20 PM [32m    LOG[39m [38;5;3m[SchedulerService] [39m[32mScheduled dataset: Clients (*/45 * * * *)[39m
[32m[Nest] 79600  - [39m06/04/2026, 5:27:20 PM [32m    LOG[39m [38;5;3m[SchedulerService] [39m[32mScheduled dataset: Pre-Payment CL (0 */6 * * *)[39m
[32m[Nest] 79600  - [39m06/04/2026, 5:27:20 PM [32m    LOG[39m [38;5;3m[SchedulerService] [39m[32mScheduled dataset: Zamani Traffic (0 1 * * *)[39m
[32m[Nest] 79600  - [39m06/04/2026, 5:27:20 PM [32m    LOG[39m [38;5;3m[ConditionSchedulerService] [39m[32mRegistered 0 condition trigger job(s)[39m
[32m[Nest] 79600  - [39m06/04/2026, 5:27:20 PM [32m    LOG[39m [38;5;3m[NestApplication] [39m[32mNest application successfully started[39m[38;5;3m +14ms[39m
AMS Backend running on port 3001
[32m[Nest] 79600  - [39m06/04/2026, 5:27:36 PM [32m    LOG[39m [38;5;3m[EventsGateway] [39m[32mClient connected: FAqorsSD55GzI0fVAAAC (user: admin@hayo.net)[39m
[32m[Nest] 79600  - [39m06/04/2026, 5:45:00 PM [32m    LOG[39m [38;5;3m[SchedulerService] [39m[32mStarting refresh cycle for dataset: Clients[39m
[32m[Nest] 79600  - [39m06/04/2026, 5:45:00 PM [32m    LOG[39m [38;5;3m[StageService] [39m[32mRefreshing dataset: Clients (12101354-591e-4c20-ae11-56c02c340493)[39m
[32m[Nest] 79600  - [39m06/04/2026, 5:45:00 PM [32m    LOG[39m [38;5;3m[StageService] [39m[32mDataset Clients refreshed: 992 rows in 672ms[39m
[32m[Nest] 79600  - [39m06/04/2026, 6:00:00 PM [32m    LOG[39m [38;5;3m[SchedulerService] [39m[32mStarting refresh cycle for dataset: Clients[39m
[32m[Nest] 79600  - [39m06/04/2026, 6:00:00 PM [32m    LOG[39m [38;5;3m[SchedulerService] [39m[32mStarting refresh cycle for dataset: Pre-Payment CL[39m
[32m[Nest] 79600  - [39m06/04/2026, 6:00:00 PM [32m    LOG[39m [38;5;3m[StageService] [39m[32mRefreshing dataset: Clients (12101354-591e-4c20-ae11-56c02c340493)[39m
[32m[Nest] 79600  - [39m06/04/2026, 6:00:00 PM [32m    LOG[39m [38;5;3m[StageService] [39m[32mRefreshing dataset: Pre-Payment CL (36398f46-f6e3-4df1-937f-2074bab69da4)[39m
[32m[Nest] 79600  - [39m06/04/2026, 6:00:00 PM [32m    LOG[39m [38;5;3m[StageService] [39m[32mDataset Pre-Payment CL refreshed: 5 rows in 511ms[39m
[32m[Nest] 79600  - [39m06/04/2026, 6:00:00 PM [32m    LOG[39m [38;5;3m[StageService] [39m[32mDataset Clients refreshed: 992 rows in 567ms[39m
[32m[Nest] 79600  - [39m06/04/2026, 6:45:00 PM [32m    LOG[39m [38;5;3m[SchedulerService] [39m[32mStarting refresh cycle for dataset: Clients[39m
[32m[Nest] 79600  - [39m06/04/2026, 6:45:00 PM [32m    LOG[39m [38;5;3m[StageService] [39m[32mRefreshing dataset: Clients (12101354-591e-4c20-ae11-56c02c340493)[39m
[32m[Nest] 79600  - [39m06/04/2026, 6:45:00 PM [32m    LOG[39m [38;5;3m[StageService] [39m[32mDataset Clients refreshed: 992 rows in 585ms[39m
[32m[Nest] 79600  - [39m06/04/2026, 7:00:00 PM [32m    LOG[39m [38;5;3m[SchedulerService] [39m[32mStarting refresh cycle for dataset: Clients[39m
[32m[Nest] 79600  - [39m06/04/2026, 7:00:00 PM [32m    LOG[39m [38;5;3m[StageService] [39m[32mRefreshing dataset: Clients (12101354-591e-4c20-ae11-56c02c340493)[39m
[32m[Nest] 79600  - [39m06/04/2026, 7:00:00 PM [32m    LOG[39m [38;5;3m[StageService] [39m[32mDataset Clients refreshed: 992 rows in 523ms[39m
[32m[Nest] 79600  - [39m06/04/2026, 7:45:00 PM [32m    LOG[39m [38;5;3m[SchedulerService] [39m[32mStarting refresh cycle for dataset: Clients[39m
[32m[Nest] 79600  - [39m06/04/2026, 7:45:00 PM [32m    LOG[39m [38;5;3m[StageService] [39m[32mRefreshing dataset: Clients (12101354-591e-4c20-ae11-56c02c340493)[39m
[32m[Nest] 79600  - [39m06/04/2026, 7:45:00 PM [32m    LOG[39m [38;5;3m[StageService] [39m[32mDataset Clients refreshed: 992 rows in 565ms[39m
[32m[Nest] 79600  - [39m06/04/2026, 8:00:00 PM [32m    LOG[39m [38;5;3m[SchedulerService] [39m[32mStarting refresh cycle for dataset: Clients[39m
[32m[Nest] 79600  - [39m06/04/2026, 8:00:00 PM [32m    LOG[39m [38;5;3m[StageService] [39m[32mRefreshing dataset: Clients (12101354-591e-4c20-ae11-56c02c340493)[39m
[32m[Nest] 79600  - [39m06/04/2026, 8:00:00 PM [32m    LOG[39m [38;5;3m[StageService] [39m[32mDataset Clients refreshed: 992 rows in 553ms[39m
[32m[Nest] 79600  - [39m06/04/2026, 8:45:03 PM [32m    LOG[39m [38;5;3m[SchedulerService] [39m[32mStarting refresh cycle for dataset: Clients[39m
[32m[Nest] 79600  - [39m06/04/2026, 8:45:03 PM [32m    LOG[39m [38;5;3m[StageService] [39m[32mRefreshing dataset: Clients (12101354-591e-4c20-ae11-56c02c340493)[39m
[32m[Nest] 79600  - [39m06/04/2026, 8:45:03 PM [32m    LOG[39m [38;5;3m[StageService] [39m[32mDataset Clients refreshed: 992 rows in 442ms[39m
[32m[Nest] 79600  - [39m06/04/2026, 9:00:00 PM [32m    LOG[39m [38;5;3m[SchedulerService] [39m[32mStarting refresh cycle for dataset: Clients[39m
[32m[Nest] 79600  - [39m06/04/2026, 9:00:00 PM [32m    LOG[39m [38;5;3m[StageService] [39m[32mRefreshing dataset: Clients (12101354-591e-4c20-ae11-56c02c340493)[39m
[32m[Nest] 79600  - [39m06/04/2026, 9:00:00 PM [32m    LOG[39m [38;5;3m[StageService] [39m[32mDataset Clients refreshed: 992 rows in 490ms[39m
[32m[Nest] 79600  - [39m06/04/2026, 9:45:00 PM [32m    LOG[39m [38;5;3m[SchedulerService] [39m[32mStarting refresh cycle for dataset: Clients[39m
[32m[Nest] 79600  - [39m06/04/2026, 9:45:00 PM [32m    LOG[39m [38;5;3m[StageService] [39m[32mRefreshing dataset: Clients (12101354-591e-4c20-ae11-56c02c340493)[39m
[32m[Nest] 79600  - [39m06/04/2026, 9:45:00 PM [32m    LOG[39m [38;5;3m[StageService] [39m[32mDataset Clients refreshed: 992 rows in 549ms[39m
[32m[Nest] 79600  - [39m06/04/2026, 10:00:00 PM [32m    LOG[39m [38;5;3m[SchedulerService] [39m[32mStarting refresh cycle for dataset: Clients[39m
[32m[Nest] 79600  - [39m06/04/2026, 10:00:00 PM [32m    LOG[39m [38;5;3m[StageService] [39m[32mRefreshing dataset: Clients (12101354-591e-4c20-ae11-56c02c340493)[39m
[32m[Nest] 79600  - [39m06/04/2026, 10:00:00 PM [32m    LOG[39m [38;5;3m[StageService] [39m[32mDataset Clients refreshed: 992 rows in 553ms[39m
[32m[Nest] 79600  - [39m06/04/2026, 10:45:00 PM [32m    LOG[39m [38;5;3m[SchedulerService] [39m[32mStarting refresh cycle for dataset: Clients[39m
[32m[Nest] 79600  - [39m06/04/2026, 10:45:00 PM [32m    LOG[39m [38;5;3m[StageService] [39m[32mRefreshing dataset: Clients (12101354-591e-4c20-ae11-56c02c340493)[39m
[32m[Nest] 79600  - [39m06/04/2026, 10:45:00 PM [32m    LOG[39m [38;5;3m[StageService] [39m[32mDataset Clients refreshed: 992 rows in 508ms[39m
[32m[Nest] 79600  - [39m06/04/2026, 11:00:00 PM [32m    LOG[39m [38;5;3m[SchedulerService] [39m[32mStarting refresh cycle for dataset: Clients[39m
[32m[Nest] 79600  - [39m06/04/2026, 11:00:00 PM [32m    LOG[39m [38;5;3m[StageService] [39m[32mRefreshing dataset: Clients (12101354-591e-4c20-ae11-56c02c340493)[39m
[32m[Nest] 79600  - [39m06/04/2026, 11:00:00 PM [32m    LOG[39m [38;5;3m[StageService] [39m[32mDataset Clients refreshed: 992 rows in 426ms[39m
[32m[Nest] 79600  - [39m06/04/2026, 11:45:00 PM [32m    LOG[39m [38;5;3m[SchedulerService] [39m[32mStarting refresh cycle for dataset: Clients[39m
[32m[Nest] 79600  - [39m06/04/2026, 11:45:00 PM [32m    LOG[39m [38;5;3m[StageService] [39m[32mRefreshing dataset: Clients (12101354-591e-4c20-ae11-56c02c340493)[39m
[32m[Nest] 79600  - [39m06/04/2026, 11:45:00 PM [32m    LOG[39m [38;5;3m[StageService] [39m[32mDataset Clients refreshed: 992 rows in 504ms[39m
[32m[Nest] 79600  - [39m06/05/2026, 12:00:00 AM [32m    LOG[39m [38;5;3m[SchedulerService] [39m[32mStarting refresh cycle for dataset: Clients[39m
[32m[Nest] 79600  - [39m06/05/2026, 12:00:00 AM [32m    LOG[39m [38;5;3m[StageService] [39m[32mRefreshing dataset: Clients (12101354-591e-4c20-ae11-56c02c340493)[39m
[32m[Nest] 79600  - [39m06/05/2026, 12:00:00 AM [32m    LOG[39m [38;5;3m[StageService] [39m[32mDataset Clients refreshed: 992 rows in 682ms[39m
[32m[Nest] 79600  - [39m06/05/2026, 12:00:03 AM [32m    LOG[39m [38;5;3m[SchedulerService] [39m[32mStarting refresh cycle for dataset: Pre-Payment CL[39m
[32m[Nest] 79600  - [39m06/05/2026, 12:00:03 AM [32m    LOG[39m [38;5;3m[StageService] [39m[32mRefreshing dataset: Pre-Payment CL (36398f46-f6e3-4df1-937f-2074bab69da4)[39m
[32m[Nest] 79600  - [39m06/05/2026, 12:00:03 AM [32m    LOG[39m [38;5;3m[StageService] [39m[32mDataset Pre-Payment CL refreshed: 5 rows in 300ms[39m
[32m[Nest] 79600  - [39m06/05/2026, 12:45:00 AM [32m    LOG[39m [38;5;3m[SchedulerService] [39m[32mStarting refresh cycle for dataset: Clients[39m
[32m[Nest] 79600  - [39m06/05/2026, 12:45:00 AM [32m    LOG[39m [38;5;3m[StageService] [39m[32mRefreshing dataset: Clients (12101354-591e-4c20-ae11-56c02c340493)[39m
[32m[Nest] 79600  - [39m06/05/2026, 12:45:00 AM [32m    LOG[39m [38;5;3m[StageService] [39m[32mDataset Clients refreshed: 992 rows in 515ms[39m
[32m[Nest] 79600  - [39m06/05/2026, 1:00:00 AM [32m    LOG[39m [38;5;3m[SchedulerService] [39m[32mStarting refresh cycle for dataset: Clients[39m
[32m[Nest] 79600  - [39m06/05/2026, 1:00:00 AM [32m    LOG[39m [38;5;3m[StageService] [39m[32mRefreshing dataset: Clients (12101354-591e-4c20-ae11-56c02c340493)[39m
[32m[Nest] 79600  - [39m06/05/2026, 1:00:00 AM [32m    LOG[39m [38;5;3m[StageService] [39m[32mDataset Clients refreshed: 992 rows in 527ms[39m
[32m[Nest] 79600  - [39m06/05/2026, 1:00:03 AM [32m    LOG[39m [38;5;3m[SchedulerService] [39m[32mStarting refresh cycle for dataset: Zamani Traffic[39m
[32m[Nest] 79600  - [39m06/05/2026, 1:00:03 AM [32m    LOG[39m [38;5;3m[StageService] [39m[32mRefreshing dataset: Zamani Traffic (40e661e9-90b7-499d-8350-4b08faf283e7)[39m
[32m[Nest] 79600  - [39m06/05/2026, 1:00:19 AM [32m    LOG[39m [38;5;3m[StageService] [39m[32mDataset Zamani Traffic refreshed: 9409 rows in 16417ms[39m
[32m[Nest] 79600  - [39m06/05/2026, 1:45:00 AM [32m    LOG[39m [38;5;3m[SchedulerService] [39m[32mStarting refresh cycle for dataset: Clients[39m
[32m[Nest] 79600  - [39m06/05/2026, 1:45:00 AM [32m    LOG[39m [38;5;3m[StageService] [39m[32mRefreshing dataset: Clients (12101354-591e-4c20-ae11-56c02c340493)[39m
[32m[Nest] 79600  - [39m06/05/2026, 1:45:00 AM [32m    LOG[39m [38;5;3m[StageService] [39m[32mDataset Clients refreshed: 992 rows in 514ms[39m
[32m[Nest] 79600  - [39m06/05/2026, 2:00:00 AM [32m    LOG[39m [38;5;3m[SchedulerService] [39m[32mStarting refresh cycle for dataset: Clients[39m
[32m[Nest] 79600  - [39m06/05/2026, 2:00:00 AM [32m    LOG[39m [38;5;3m[StageService] [39m[32mRefreshing dataset: Clients (12101354-591e-4c20-ae11-56c02c340493)[39m
[32m[Nest] 79600  - [39m06/05/2026, 2:00:00 AM [32m    LOG[39m [38;5;3m[StageService] [39m[32mDataset Clients refreshed: 992 rows in 584ms[39m
[32m[Nest] 79600  - [39m06/05/2026, 2:45:00 AM [32m    LOG[39m [38;5;3m[SchedulerService] [39m[32mStarting refresh cycle for dataset: Clients[39m
[32m[Nest] 79600  - [39m06/05/2026, 2:45:00 AM [32m    LOG[39m [38;5;3m[StageService] [39m[32mRefreshing dataset: Clients (12101354-591e-4c20-ae11-56c02c340493)[39m
[32m[Nest] 79600  - [39m06/05/2026, 2:45:00 AM [32m    LOG[39m [38;5;3m[StageService] [39m[32mDataset Clients refreshed: 992 rows in 510ms[39m
[32m[Nest] 79600  - [39m06/05/2026, 3:00:00 AM [32m    LOG[39m [38;5;3m[SchedulerService] [39m[32mStarting refresh cycle for dataset: Clients[39m
[32m[Nest] 79600  - [39m06/05/2026, 3:00:00 AM [32m    LOG[39m [38;5;3m[StageService] [39m[32mRefreshing dataset: Clients (12101354-591e-4c20-ae11-56c02c340493)[39m
[32m[Nest] 79600  - [39m06/05/2026, 3:00:00 AM [32m    LOG[39m [38;5;3m[StageService] [39m[32mDataset Clients refreshed: 992 rows in 547ms[39m
[32m[Nest] 79600  - [39m06/05/2026, 3:45:00 AM [32m    LOG[39m [38;5;3m[SchedulerService] [39m[32mStarting refresh cycle for dataset: Clients[39m
[32m[Nest] 79600  - [39m06/05/2026, 3:45:00 AM [32m    LOG[39m [38;5;3m[StageService] [39m[32mRefreshing dataset: Clients (12101354-591e-4c20-ae11-56c02c340493)[39m
[32m[Nest] 79600  - [39m06/05/2026, 3:45:00 AM [32m    LOG[39m [38;5;3m[StageService] [39m[32mDataset Clients refreshed: 992 rows in 518ms[39m
[32m[Nest] 79600  - [39m06/05/2026, 4:00:00 AM [32m    LOG[39m [38;5;3m[SchedulerService] [39m[32mStarting refresh cycle for dataset: Clients[39m
[32m[Nest] 79600  - [39m06/05/2026, 4:00:00 AM [32m    LOG[39m [38;5;3m[StageService] [39m[32mRefreshing dataset: Clients (12101354-591e-4c20-ae11-56c02c340493)[39m
[32m[Nest] 79600  - [39m06/05/2026, 4:00:00 AM [32m    LOG[39m [38;5;3m[StageService] [39m[32mDataset Clients refreshed: 992 rows in 529ms[39m
[32m[Nest] 79600  - [39m06/05/2026, 4:45:00 AM [32m    LOG[39m [38;5;3m[SchedulerService] [39m[32mStarting refresh cycle for dataset: Clients[39m
[32m[Nest] 79600  - [39m06/05/2026, 4:45:00 AM [32m    LOG[39m [38;5;3m[StageService] [39m[32mRefreshing dataset: Clients (12101354-591e-4c20-ae11-56c02c340493)[39m
[32m[Nest] 79600  - [39m06/05/2026, 4:45:00 AM [32m    LOG[39m [38;5;3m[StageService] [39m[32mDataset Clients refreshed: 992 rows in 598ms[39m
[32m[Nest] 79600  - [39m06/05/2026, 5:00:00 AM [32m    LOG[39m [38;5;3m[SchedulerService] [39m[32mStarting refresh cycle for dataset: Clients[39m
[32m[Nest] 79600  - [39m06/05/2026, 5:00:00 AM [32m    LOG[39m [38;5;3m[StageService] [39m[32mRefreshing dataset: Clients (12101354-591e-4c20-ae11-56c02c340493)[39m
[32m[Nest] 79600  - [39m06/05/2026, 5:00:00 AM [32m    LOG[39m [38;5;3m[StageService] [39m[32mDataset Clients refreshed: 992 rows in 554ms[39m
[2J[3J[H[[90m5:09:33 AM[0m] File change detected. Starting incremental compilation...

[[90m5:09:34 AM[0m] Found 0 errors. Watching for file changes.

[32m[Nest] 78016  - [39m06/05/2026, 5:09:39 AM [32m    LOG[39m [38;5;3m[NestFactory] [39m[32mStarting Nest application...[39m
[32m[Nest] 78016  - [39m06/05/2026, 5:09:39 AM [32m    LOG[39m [38;5;3m[InstanceLoader] [39m[32mAppModule dependencies initialized[39m[38;5;3m +53ms[39m
[32m[Nest] 78016  - [39m06/05/2026, 5:09:39 AM [32m    LOG[39m [38;5;3m[InstanceLoader] [39m[32mTypeOrmModule dependencies initialized[39m[38;5;3m +0ms[39m
[32m[Nest] 78016  - [39m06/05/2026, 5:09:39 AM [32m    LOG[39m [38;5;3m[InstanceLoader] [39m[32mPassportModule dependencies initialized[39m[38;5;3m +1ms[39m
[32m[Nest] 78016  - [39m06/05/2026, 5:09:39 AM [32m    LOG[39m [38;5;3m[InstanceLoader] [39m[32mConfigHostModule dependencies initialized[39m[38;5;3m +0ms[39m
[32m[Nest] 78016  - [39m06/05/2026, 5:09:39 AM [32m    LOG[39m [38;5;3m[InstanceLoader] [39m[32mDiscoveryModule dependencies initialized[39m[38;5;3m +0ms[39m
[32m[Nest] 78016  - [39m06/05/2026, 5:09:39 AM [32m    LOG[39m [38;5;3m[InstanceLoader] [39m[32mConfigModule dependencies initialized[39m[38;5;3m +1ms[39m
[32m[Nest] 78016  - [39m06/05/2026, 5:09:39 AM [32m    LOG[39m [38;5;3m[InstanceLoader] [39m[32mConfigModule dependencies initialized[39m[38;5;3m +0ms[39m
[32m[Nest] 78016  - [39m06/05/2026, 5:09:39 AM [32m    LOG[39m [38;5;3m[InstanceLoader] [39m[32mScheduleModule dependencies initialized[39m[38;5;3m +1ms[39m
[32m[Nest] 78016  - [39m06/05/2026, 5:09:39 AM [32m    LOG[39m [38;5;3m[InstanceLoader] [39m[32mJerasoftModule dependencies initialized[39m[38;5;3m +21ms[39m
[32m[Nest] 78016  - [39m06/05/2026, 5:09:39 AM [32m    LOG[39m [38;5;3m[InstanceLoader] [39m[32mCredentialsModule dependencies initialized[39m[38;5;3m +0ms[39m
[32m[Nest] 78016  - [39m06/05/2026, 5:09:39 AM [32m    LOG[39m [38;5;3m[InstanceLoader] [39m[32mJwtModule dependencies initialized[39m[38;5;3m +1ms[39m
[32m[Nest] 78016  - [39m06/05/2026, 5:09:39 AM [32m    LOG[39m [38;5;3m[InstanceLoader] [39m[32mWebsocketModule dependencies initialized[39m[38;5;3m +0ms[39m
[32m[Nest] 78016  - [39m06/05/2026, 5:09:39 AM [32m    LOG[39m [38;5;3m[InstanceLoader] [39m[32mTypeOrmCoreModule dependencies initialized[39m[38;5;3m +199ms[39m
[32m[Nest] 78016  - [39m06/05/2026, 5:09:39 AM [32m    LOG[39m [38;5;3m[InstanceLoader] [39m[32mTypeOrmModule dependencies initialized[39m[38;5;3m +1ms[39m
[32m[Nest] 78016  - [39m06/05/2026, 5:09:39 AM [32m    LOG[39m [38;5;3m[InstanceLoader] [39m[32mTypeOrmModule dependencies initialized[39m[38;5;3m +0ms[39m
[32m[Nest] 78016  - [39m06/05/2026, 5:09:39 AM [32m    LOG[39m [38;5;3m[InstanceLoader] [39m[32mTypeOrmModule dependencies initialized[39m[38;5;3m +0ms[39m
[32m[Nest] 78016  - [39m06/05/2026, 5:09:39 AM [32m    LOG[39m [38;5;3m[InstanceLoader] [39m[32mTypeOrmModule dependencies initialized[39m[38;5;3m +0ms[39m
[32m[Nest] 78016  - [39m06/05/2026, 5:09:39 AM [32m    LOG[39m [38;5;3m[InstanceLoader] [39m[32mTypeOrmModule dependencies initialized[39m[38;5;3m +0ms[39m
[32m[Nest] 78016  - [39m06/05/2026, 5:09:39 AM [32m    LOG[39m [38;5;3m[InstanceLoader] [39m[32mTypeOrmModule dependencies initialized[39m[38;5;3m +0ms[39m
[32m[Nest] 78016  - [39m06/05/2026, 5:09:39 AM [32m    LOG[39m [38;5;3m[InstanceLoader] [39m[32mTypeOrmModule dependencies initialized[39m[38;5;3m +0ms[39m
[32m[Nest] 78016  - [39m06/05/2026, 5:09:39 AM [32m    LOG[39m [38;5;3m[InstanceLoader] [39m[32mTypeOrmModule dependencies initialized[39m[38;5;3m +0ms[39m
[32m[Nest] 78016  - [39m06/05/2026, 5:09:39 AM [32m    LOG[39m [38;5;3m[InstanceLoader] [39m[32mTypeOrmModule dependencies initialized[39m[38;5;3m +0ms[39m
[32m[Nest] 78016  - [39m06/05/2026, 5:09:39 AM [32m    LOG[39m [38;5;3m[InstanceLoader] [39m[32mTypeOrmModule dependencies initialized[39m[38;5;3m +0ms[39m
[32m[Nest] 78016  - [39m06/05/2026, 5:09:39 AM [32m    LOG[39m [38;5;3m[InstanceLoader] [39m[32mTypeOrmModule dependencies initialized[39m[38;5;3m +1ms[39m
[32m[Nest] 78016  - [39m06/05/2026, 5:09:39 AM [32m    LOG[39m [38;5;3m[InstanceLoader] [39m[32mAuditModule dependencies initialized[39m[38;5;3m +2ms[39m
[32m[Nest] 78016  - [39m06/05/2026, 5:09:39 AM [32m    LOG[39m [38;5;3m[InstanceLoader] [39m[32mExternalDatasourcesModule dependencies initialized[39m[38;5;3m +0ms[39m
[32m[Nest] 78016  - [39m06/05/2026, 5:09:39 AM [32m    LOG[39m [38;5;3m[InstanceLoader] [39m[32mSystemModule dependencies initialized[39m[38;5;3m +2ms[39m
[32m[Nest] 78016  - [39m06/05/2026, 5:09:39 AM [32m    LOG[39m [38;5;3m[InstanceLoader] [39m[32mDatasetsModule dependencies initialized[39m[38;5;3m +0ms[39m
[32m[Nest] 78016  - [39m06/05/2026, 5:09:39 AM [32m    LOG[39m [38;5;3m[InstanceLoader] [39m[32mStageModule dependencies initialized[39m[38;5;3m +0ms[39m
[32m[Nest] 78016  - [39m06/05/2026, 5:09:39 AM [32m    LOG[39m [38;5;3m[InstanceLoader] [39m[32mAuditLogModule dependencies initialized[39m[38;5;3m +6ms[39m
[32m[Nest] 78016  - [39m06/05/2026, 5:09:39 AM [32m    LOG[39m [38;5;3m[InstanceLoader] [39m[32mZamaniReportModule dependencies initialized[39m[38;5;3m +0ms[39m
[32m[Nest] 78016  - [39m06/05/2026, 5:09:39 AM [32m    LOG[39m [38;5;3m[InstanceLoader] [39m[32mExportModule dependencies initialized[39m[38;5;3m +1ms[39m
[32m[Nest] 78016  - [39m06/05/2026, 5:09:39 AM [32m    LOG[39m [38;5;3m[InstanceLoader] [39m[32mDashboardModule dependencies initialized[39m[38;5;3m +0ms[39m
[32m[Nest] 78016  - [39m06/05/2026, 5:09:39 AM [32m    LOG[39m [38;5;3m[InstanceLoader] [39m[32mAuthModule dependencies initialized[39m[38;5;3m +1ms[39m
[32m[Nest] 78016  - [39m06/05/2026, 5:09:39 AM [32m    LOG[39m [38;5;3m[InstanceLoader] [39m[32mNotificationsModule dependencies initialized[39m[38;5;3m +1ms[39m
[32m[Nest] 78016  - [39m06/05/2026, 5:09:39 AM [32m    LOG[39m [38;5;3m[InstanceLoader] [39m[32mAdminDatasourcesModule dependencies initialized[39m[38;5;3m +0ms[39m
[32m[Nest] 78016  - [39m06/05/2026, 5:09:39 AM [32m    LOG[39m [38;5;3m[InstanceLoader] [39m[32mAdminUsersModule dependencies initialized[39m[38;5;3m +0ms[39m
[32m[Nest] 78016  - [39m06/05/2026, 5:09:39 AM [32m    LOG[39m [38;5;3m[InstanceLoader] [39m[32mSettingsModule dependencies initialized[39m[38;5;3m +0ms[39m
[32m[Nest] 78016  - [39m06/05/2026, 5:09:39 AM [32m    LOG[39m [38;5;3m[InstanceLoader] [39m[32mSchedulerModule dependencies initialized[39m[38;5;3m +0ms[39m
[32m[Nest] 78016  - [39m06/05/2026, 5:09:39 AM [32m    LOG[39m [38;5;3m[InstanceLoader] [39m[32mAdminDatasetsModule dependencies initialized[39m[38;5;3m +1ms[39m
[32m[Nest] 78016  - [39m06/05/2026, 5:09:39 AM [32m    LOG[39m [38;5;3m[InstanceLoader] [39m[32mConditionsModule dependencies initialized[39m[38;5;3m +0ms[39m
[32m[Nest] 78016  - [39m06/05/2026, 5:09:39 AM [32m    LOG[39m [38;5;3m[EventsGateway] [39m[32mWebSocket Gateway initialized[39m
[32m[Nest] 78016  - [39m06/05/2026, 5:09:39 AM [32m    LOG[39m [38;5;3m[WebSocketsController] [39m[32mEventsGateway subscribed to the "subscribe:dataset" message[39m[38;5;3m +1ms[39m
[32m[Nest] 78016  - [39m06/05/2026, 5:09:39 AM [32m    LOG[39m [38;5;3m[WebSocketsController] [39m[32mEventsGateway subscribed to the "unsubscribe:dataset" message[39m[38;5;3m +0ms[39m
[32m[Nest] 78016  - [39m06/05/2026, 5:09:39 AM [32m    LOG[39m [38;5;3m[RoutesResolver] [39m[32mAuthController {/auth}:[39m[38;5;3m +3ms[39m
[32m[Nest] 78016  - [39m06/05/2026, 5:09:39 AM [32m    LOG[39m [38;5;3m[RouterExplorer] [39m[32mMapped {/auth/login, POST} route[39m[38;5;3m +4ms[39m
[32m[Nest] 78016  - [39m06/05/2026, 5:09:39 AM [32m    LOG[39m [38;5;3m[RouterExplorer] [39m[32mMapped {/auth/refresh, POST} route[39m[38;5;3m +1ms[39m
[32m[Nest] 78016  - [39m06/05/2026, 5:09:39 AM [32m    LOG[39m [38;5;3m[RouterExplorer] [39m[32mMapped {/auth/logout, POST} route[39m[38;5;3m +1ms[39m
[32m[Nest] 78016  - [39m06/05/2026, 5:09:39 AM [32m    LOG[39m [38;5;3m[RouterExplorer] [39m[32mMapped {/auth/change-password, POST} route[39m[38;5;3m +0ms[39m
[32m[Nest] 78016  - [39m06/05/2026, 5:09:39 AM [32m    LOG[39m [38;5;3m[RoutesResolver] [39m[32mSchedulesController {/schedules}:[39m[38;5;3m +0ms[39m
[32m[Nest] 78016  - [39m06/05/2026, 5:09:39 AM [32m    LOG[39m [38;5;3m[RouterExplorer] [39m[32mMapped {/schedules, GET} route[39m[38;5;3m +1ms[39m
[32m[Nest] 78016  - [39m06/05/2026, 5:09:39 AM [32m    LOG[39m [38;5;3m[RouterExplorer] [39m[32mMapped {/schedules/:datasetId, PUT} route[39m[38;5;3m +1ms[39m
[32m[Nest] 78016  - [39m06/05/2026, 5:09:39 AM [32m    LOG[39m [38;5;3m[RouterExplorer] [39m[32mMapped {/schedules/:datasetId/trigger, POST} route[39m[38;5;3m +1ms[39m
[32m[Nest] 78016  - [39m06/05/2026, 5:09:39 AM [32m    LOG[39m [38;5;3m[RoutesResolver] [39m[32mConditionsController {/conditions}:[39m[38;5;3m +0ms[39m
[32m[Nest] 78016  - [39m06/05/2026, 5:09:39 AM [32m    LOG[39m [38;5;3m[RouterExplorer] [39m[32mMapped {/conditions, GET} route[39m[38;5;3m +1ms[39m
[32m[Nest] 78016  - [39m06/05/2026, 5:09:39 AM [32m    LOG[39m [38;5;3m[RouterExplorer] [39m[32mMapped {/conditions, POST} route[39m[38;5;3m +1ms[39m
[32m[Nest] 78016  - [39m06/05/2026, 5:09:39 AM [32m    LOG[39m [38;5;3m[RouterExplorer] [39m[32mMapped {/conditions/:id, PUT} route[39m[38;5;3m +1ms[39m
[32m[Nest] 78016  - [39m06/05/2026, 5:09:39 AM [32m    LOG[39m [38;5;3m[RouterExplorer] [39m[32mMapped {/conditions/:id, DELETE} route[39m[38;5;3m +0ms[39m
[32m[Nest] 78016  - [39m06/05/2026, 5:09:39 AM [32m    LOG[39m [38;5;3m[RouterExplorer] [39m[32mMapped {/conditions/test-notify-preview, POST} route[39m[38;5;3m +1ms[39m
[32m[Nest] 78016  - [39m06/05/2026, 5:09:39 AM [32m    LOG[39m [38;5;3m[RouterExplorer] [39m[32mMapped {/conditions/:id/preview, POST} route[39m[38;5;3m +0ms[39m
[32m[Nest] 78016  - [39m06/05/2026, 5:09:39 AM [32m    LOG[39m [38;5;3m[RouterExplorer] [39m[32mMapped {/conditions/:id/trigger-now, POST} route[39m[38;5;3m +0ms[39m
[32m[Nest] 78016  - [39m06/05/2026, 5:09:39 AM [32m    LOG[39m [38;5;3m[RouterExplorer] [39m[32mMapped {/conditions/:id/test-notify, POST} route[39m[38;5;3m +1ms[39m
[32m[Nest] 78016  - [39m06/05/2026, 5:09:39 AM [32m    LOG[39m [38;5;3m[RoutesResolver] [39m[32mNotificationsController {/notifications}:[39m[38;5;3m +0ms[39m
[32m[Nest] 78016  - [39m06/05/2026, 5:09:39 AM [32m    LOG[39m [38;5;3m[RouterExplorer] [39m[32mMapped {/notifications, GET} route[39m[38;5;3m +0ms[39m
[32m[Nest] 78016  - [39m06/05/2026, 5:09:39 AM [32m    LOG[39m [38;5;3m[RouterExplorer] [39m[32mMapped {/notifications/:id/retry, POST} route[39m[38;5;3m +1ms[39m
[32m[Nest] 78016  - [39m06/05/2026, 5:09:39 AM [32m    LOG[39m [38;5;3m[RoutesResolver] [39m[32mDashboardController {/dashboard}:[39m[38;5;3m +0ms[39m
[32m[Nest] 78016  - [39m06/05/2026, 5:09:39 AM [32m    LOG[39m [38;5;3m[RouterExplorer] [39m[32mMapped {/dashboard/datasets, GET} route[39m[38;5;3m +0ms[39m
[32m[Nest] 78016  - [39m06/05/2026, 5:09:39 AM [32m    LOG[39m [38;5;3m[RouterExplorer] [39m[32mMapped {/dashboard/:datasetId/data, GET} route[39m[38;5;3m +1ms[39m
[32m[Nest] 78016  - [39m06/05/2026, 5:09:39 AM [32m    LOG[39m [38;5;3m[RouterExplorer] [39m[32mMapped {/dashboard/:datasetId/matrix, GET} route[39m[38;5;3m +0ms[39m
[32m[Nest] 78016  - [39m06/05/2026, 5:09:39 AM [32m    LOG[39m [38;5;3m[RouterExplorer] [39m[32mMapped {/dashboard/:datasetId/refresh, POST} route[39m[38;5;3m +0ms[39m
[32m[Nest] 78016  - [39m06/05/2026, 5:09:39 AM [32m    LOG[39m [38;5;3m[RouterExplorer] [39m[32mMapped {/dashboard/:datasetId/history, GET} route[39m[38;5;3m +1ms[39m
[32m[Nest] 78016  - [39m06/05/2026, 5:09:39 AM [32m    LOG[39m [38;5;3m[RoutesResolver] [39m[32mExportController {/export}:[39m[38;5;3m +0ms[39m
[32m[Nest] 78016  - [39m06/05/2026, 5:09:39 AM [32m    LOG[39m [38;5;3m[RouterExplorer] [39m[32mMapped {/export/:datasetId/csv, GET} route[39m[38;5;3m +0ms[39m
[32m[Nest] 78016  - [39m06/05/2026, 5:09:39 AM [32m    LOG[39m [38;5;3m[RouterExplorer] [39m[32mMapped {/export/:datasetId/excel, GET} route[39m[38;5;3m +1ms[39m
[32m[Nest] 78016  - [39m06/05/2026, 5:09:39 AM [32m    LOG[39m [38;5;3m[RoutesResolver] [39m[32mAdminUsersController {/admin/users}:[39m[38;5;3m +0ms[39m
[32m[Nest] 78016  - [39m06/05/2026, 5:09:39 AM [32m    LOG[39m [38;5;3m[RouterExplorer] [39m[32mMapped {/admin/users, GET} route[39m[38;5;3m +0ms[39m
[32m[Nest] 78016  - [39m06/05/2026, 5:09:39 AM [32m    LOG[39m [38;5;3m[RouterExplorer] [39m[32mMapped {/admin/users, POST} route[39m[38;5;3m +0ms[39m
[32m[Nest] 78016  - [39m06/05/2026, 5:09:39 AM [32m    LOG[39m [38;5;3m[RouterExplorer] [39m[32mMapped {/admin/users/:id, PUT} route[39m[38;5;3m +1ms[39m
[32m[Nest] 78016  - [39m06/05/2026, 5:09:39 AM [32m    LOG[39m [38;5;3m[RouterExplorer] [39m[32mMapped {/admin/users/:id/deactivate, POST} route[39m[38;5;3m +0ms[39m
[32m[Nest] 78016  - [39m06/05/2026, 5:09:39 AM [32m    LOG[39m [38;5;3m[RouterExplorer] [39m[32mMapped {/admin/users/:id/sessions, GET} route[39m[38;5;3m +0ms[39m
[32m[Nest] 78016  - [39m06/05/2026, 5:09:39 AM [32m    LOG[39m [38;5;3m[RouterExplorer] [39m[32mMapped {/admin/users/:id/sessions/:sid, DELETE} route[39m[38;5;3m +1ms[39m
[32m[Nest] 78016  - [39m06/05/2026, 5:09:39 AM [32m    LOG[39m [38;5;3m[RoutesResolver] [39m[32mAdminDatasetsController {/admin/datasets}:[39m[38;5;3m +0ms[39m
[32m[Nest] 78016  - [39m06/05/2026, 5:09:39 AM [32m    LOG[39m [38;5;3m[RouterExplorer] [39m[32mMapped {/admin/datasets, GET} route[39m[38;5;3m +0ms[39m
[32m[Nest] 78016  - [39m06/05/2026, 5:09:39 AM [32m    LOG[39m [38;5;3m[RouterExplorer] [39m[32mMapped {/admin/datasets, POST} route[39m[38;5;3m +0ms[39m
[32m[Nest] 78016  - [39m06/05/2026, 5:09:39 AM [32m    LOG[39m [38;5;3m[RouterExplorer] [39m[32mMapped {/admin/datasets/:id, PUT} route[39m[38;5;3m +1ms[39m
[32m[Nest] 78016  - [39m06/05/2026, 5:09:39 AM [32m    LOG[39m [38;5;3m[RouterExplorer] [39m[32mMapped {/admin/datasets/:id, DELETE} route[39m[38;5;3m +0ms[39m
[32m[Nest] 78016  - [39m06/05/2026, 5:09:39 AM [32m    LOG[39m [38;5;3m[RouterExplorer] [39m[32mMapped {/admin/datasets/validate-sql, POST} route[39m[38;5;3m +0ms[39m
[32m[Nest] 78016  - [39m06/05/2026, 5:09:39 AM [32m    LOG[39m [38;5;3m[RoutesResolver] [39m[32mAdminDatasourcesController {/admin/datasources}:[39m[38;5;3m +0ms[39m
[32m[Nest] 78016  - [39m06/05/2026, 5:09:39 AM [32m    LOG[39m [38;5;3m[RouterExplorer] [39m[32mMapped {/admin/datasources, GET} route[39m[38;5;3m +1ms[39m
[32m[Nest] 78016  - [39m06/05/2026, 5:09:39 AM [32m    LOG[39m [38;5;3m[RouterExplorer] [39m[32mMapped {/admin/datasources/:id, GET} route[39m[38;5;3m +0ms[39m
[32m[Nest] 78016  - [39m06/05/2026, 5:09:39 AM [32m    LOG[39m [38;5;3m[RouterExplorer] [39m[32mMapped {/admin/datasources, POST} route[39m[38;5;3m +0ms[39m
[32m[Nest] 78016  - [39m06/05/2026, 5:09:39 AM [32m    LOG[39m [38;5;3m[RouterExplorer] [39m[32mMapped {/admin/datasources/:id, PUT} route[39m[38;5;3m +1ms[39m
[32m[Nest] 78016  - [39m06/05/2026, 5:09:39 AM [32m    LOG[39m [38;5;3m[RouterExplorer] [39m[32mMapped {/admin/datasources/:id, DELETE} route[39m[38;5;3m +0ms[39m
[32m[Nest] 78016  - [39m06/05/2026, 5:09:39 AM [32m    LOG[39m [38;5;3m[RouterExplorer] [39m[32mMapped {/admin/datasources/test-connection, POST} route[39m[38;5;3m +0ms[39m
[32m[Nest] 78016  - [39m06/05/2026, 5:09:39 AM [32m    LOG[39m [38;5;3m[RoutesResolver] [39m[32mSettingsController {/admin/settings}:[39m[38;5;3m +0ms[39m
[32m[Nest] 78016  - [39m06/05/2026, 5:09:39 AM [32m    LOG[39m [38;5;3m[RouterExplorer] [39m[32mMapped {/admin/settings, GET} route[39m[38;5;3m +1ms[39m
[32m[Nest] 78016  - [39m06/05/2026, 5:09:39 AM [32m    LOG[39m [38;5;3m[RouterExplorer] [39m[32mMapped {/admin/settings, PUT} route[39m[38;5;3m +0ms[39m
[32m[Nest] 78016  - [39m06/05/2026, 5:09:39 AM [32m    LOG[39m [38;5;3m[RouterExplorer] [39m[32mMapped {/admin/settings/test-jerasoft, POST} route[39m[38;5;3m +0ms[39m
[32m[Nest] 78016  - [39m06/05/2026, 5:09:39 AM [32m    LOG[39m [38;5;3m[RouterExplorer] [39m[32mMapped {/admin/settings/test-graph, POST} route[39m[38;5;3m +1ms[39m
[32m[Nest] 78016  - [39m06/05/2026, 5:09:39 AM [32m    LOG[39m [38;5;3m[RouterExplorer] [39m[32mMapped {/admin/settings/test-teams, POST} route[39m[38;5;3m +0ms[39m
[32m[Nest] 78016  - [39m06/05/2026, 5:09:39 AM [32m    LOG[39m [38;5;3m[RouterExplorer] [39m[32mMapped {/admin/settings/rotate-key, POST} route[39m[38;5;3m +0ms[39m
[32m[Nest] 78016  - [39m06/05/2026, 5:09:39 AM [32m    LOG[39m [38;5;3m[RoutesResolver] [39m[32mAuditLogController {/admin/audit-log}:[39m[38;5;3m +0ms[39m
[32m[Nest] 78016  - [39m06/05/2026, 5:09:39 AM [32m    LOG[39m [38;5;3m[RouterExplorer] [39m[32mMapped {/admin/audit-log, GET} route[39m[38;5;3m +0ms[39m
[32m[Nest] 78016  - [39m06/05/2026, 5:09:39 AM [32m    LOG[39m [38;5;3m[RouterExplorer] [39m[32mMapped {/admin/audit-log/export, GET} route[39m[38;5;3m +1ms[39m
[32m[Nest] 78016  - [39m06/05/2026, 5:09:39 AM [32m    LOG[39m [38;5;3m[RoutesResolver] [39m[32mHealthController {/system}:[39m[38;5;3m +0ms[39m
[32m[Nest] 78016  - [39m06/05/2026, 5:09:39 AM [32m    LOG[39m [38;5;3m[RouterExplorer] [39m[32mMapped {/system/health, GET} route[39m[38;5;3m +0ms[39m
[32m[Nest] 78016  - [39m06/05/2026, 5:09:39 AM [32m    LOG[39m [38;5;3m[RoutesResolver] [39m[32mZamaniReportController {/reports/zamani}:[39m[38;5;3m +0ms[39m
[32m[Nest] 78016  - [39m06/05/2026, 5:09:39 AM [32m    LOG[39m [38;5;3m[RouterExplorer] [39m[32mMapped {/reports/zamani/filters, GET} route[39m[38;5;3m +0ms[39m
[32m[Nest] 78016  - [39m06/05/2026, 5:09:39 AM [32m    LOG[39m [38;5;3m[RouterExplorer] [39m[32mMapped {/reports/zamani/yesterday, GET} route[39m[38;5;3m +1ms[39m
[32m[Nest] 78016  - [39m06/05/2026, 5:09:39 AM [32m    LOG[39m [38;5;3m[RouterExplorer] [39m[32mMapped {/reports/zamani/comparison, GET} route[39m[38;5;3m +0ms[39m
[32m[Nest] 78016  - [39m06/05/2026, 5:09:39 AM [32m    LOG[39m [38;5;3m[RouterExplorer] [39m[32mMapped {/reports/zamani/mtd, GET} route[39m[38;5;3m +0ms[39m
[32m[Nest] 78016  - [39m06/05/2026, 5:09:39 AM [32m    LOG[39m [38;5;3m[RouterExplorer] [39m[32mMapped {/reports/zamani/projections, GET} route[39m[38;5;3m +1ms[39m
[32m[Nest] 78016  - [39m06/05/2026, 5:09:39 AM [32m    LOG[39m [38;5;3m[RouterExplorer] [39m[32mMapped {/reports/zamani/targets, GET} route[39m[38;5;3m +0ms[39m
[32m[Nest] 78016  - [39m06/05/2026, 5:09:39 AM [32m    LOG[39m [38;5;3m[RouterExplorer] [39m[32mMapped {/reports/zamani/targets, POST} route[39m[38;5;3m +0ms[39m
[32m[Nest] 78016  - [39m06/05/2026, 5:09:39 AM [32m    LOG[39m [38;5;3m[JerasoftService] [39m[32mJerasoft database connection established[39m
[32m[Nest] 78016  - [39m06/05/2026, 5:09:39 AM [32m    LOG[39m [38;5;3m[SchedulerService] [39m[32mLoading 3 active datasets for scheduling[39m
[32m[Nest] 78016  - [39m06/05/2026, 5:09:39 AM [32m    LOG[39m [38;5;3m[SchedulerService] [39m[32mScheduled dataset: Clients (*/45 * * * *)[39m
[32m[Nest] 78016  - [39m06/05/2026, 5:09:39 AM [32m    LOG[39m [38;5;3m[SchedulerService] [39m[32mScheduled dataset: Pre-Payment CL (0 */6 * * *)[39m
[32m[Nest] 78016  - [39m06/05/2026, 5:09:39 AM [32m    LOG[39m [38;5;3m[SchedulerService] [39m[32mScheduled dataset: Zamani Traffic (0 1 * * *)[39m
[32m[Nest] 78016  - [39m06/05/2026, 5:09:39 AM [32m    LOG[39m [38;5;3m[ConditionSchedulerService] [39m[32mRegistered 0 condition trigger job(s)[39m
[32m[Nest] 78016  - [39m06/05/2026, 5:09:39 AM [32m    LOG[39m [38;5;3m[NestApplication] [39m[32mNest application successfully started[39m[38;5;3m +15ms[39m
AMS Backend running on port 3001
[2J[3J[H[[90m5:09:42 AM[0m] File change detected. Starting incremental compilation...

[[90m5:09:43 AM[0m] Found 0 errors. Watching for file changes.

[32m[Nest] 14416  - [39m06/05/2026, 5:09:46 AM [32m    LOG[39m [38;5;3m[NestFactory] [39m[32mStarting Nest application...[39m
[32m[Nest] 14416  - [39m06/05/2026, 5:09:47 AM [32m    LOG[39m [38;5;3m[InstanceLoader] [39m[32mAppModule dependencies initialized[39m[38;5;3m +56ms[39m
[32m[Nest] 14416  - [39m06/05/2026, 5:09:47 AM [32m    LOG[39m [38;5;3m[InstanceLoader] [39m[32mTypeOrmModule dependencies initialized[39m[38;5;3m +0ms[39m
[32m[Nest] 14416  - [39m06/05/2026, 5:09:47 AM [32m    LOG[39m [38;5;3m[InstanceLoader] [39m[32mPassportModule dependencies initialized[39m[38;5;3m +0ms[39m
[32m[Nest] 14416  - [39m06/05/2026, 5:09:47 AM [32m    LOG[39m [38;5;3m[InstanceLoader] [39m[32mConfigHostModule dependencies initialized[39m[38;5;3m +0ms[39m
[32m[Nest] 14416  - [39m06/05/2026, 5:09:47 AM [32m    LOG[39m [38;5;3m[InstanceLoader] [39m[32mDiscoveryModule dependencies initialized[39m[38;5;3m +1ms[39m
[32m[Nest] 14416  - [39m06/05/2026, 5:09:47 AM [32m    LOG[39m [38;5;3m[InstanceLoader] [39m[32mConfigModule dependencies initialized[39m[38;5;3m +0ms[39m
[32m[Nest] 14416  - [39m06/05/2026, 5:09:47 AM [32m    LOG[39m [38;5;3m[InstanceLoader] [39m[32mConfigModule dependencies initialized[39m[38;5;3m +0ms[39m
[32m[Nest] 14416  - [39m06/05/2026, 5:09:47 AM [32m    LOG[39m [38;5;3m[InstanceLoader] [39m[32mScheduleModule dependencies initialized[39m[38;5;3m +1ms[39m
[32m[Nest] 14416  - [39m06/05/2026, 5:09:47 AM [32m    LOG[39m [38;5;3m[InstanceLoader] [39m[32mJerasoftModule dependencies initialized[39m[38;5;3m +20ms[39m
[32m[Nest] 14416  - [39m06/05/2026, 5:09:47 AM [32m    LOG[39m [38;5;3m[InstanceLoader] [39m[32mCredentialsModule dependencies initialized[39m[38;5;3m +0ms[39m
[32m[Nest] 14416  - [39m06/05/2026, 5:09:47 AM [32m    LOG[39m [38;5;3m[InstanceLoader] [39m[32mJwtModule dependencies initialized[39m[38;5;3m +0ms[39m
[32m[Nest] 14416  - [39m06/05/2026, 5:09:47 AM [32m    LOG[39m [38;5;3m[InstanceLoader] [39m[32mWebsocketModule dependencies initialized[39m[38;5;3m +0ms[39m
[32m[Nest] 14416  - [39m06/05/2026, 5:09:47 AM [32m    LOG[39m [38;5;3m[InstanceLoader] [39m[32mTypeOrmCoreModule dependencies initialized[39m[38;5;3m +137ms[39m
[32m[Nest] 14416  - [39m06/05/2026, 5:09:47 AM [32m    LOG[39m [38;5;3m[InstanceLoader] [39m[32mTypeOrmModule dependencies initialized[39m[38;5;3m +0ms[39m
[32m[Nest] 14416  - [39m06/05/2026, 5:09:47 AM [32m    LOG[39m [38;5;3m[InstanceLoader] [39m[32mTypeOrmModule dependencies initialized[39m[38;5;3m +0ms[39m
[32m[Nest] 14416  - [39m06/05/2026, 5:09:47 AM [32m    LOG[39m [38;5;3m[InstanceLoader] [39m[32mTypeOrmModule dependencies initialized[39m[38;5;3m +0ms[39m
[32m[Nest] 14416  - [39m06/05/2026, 5:09:47 AM [32m    LOG[39m [38;5;3m[InstanceLoader] [39m[32mTypeOrmModule dependencies initialized[39m[38;5;3m +0ms[39m
[32m[Nest] 14416  - [39m06/05/2026, 5:09:47 AM [32m    LOG[39m [38;5;3m[InstanceLoader] [39m[32mTypeOrmModule dependencies initialized[39m[38;5;3m +0ms[39m
[32m[Nest] 14416  - [39m06/05/2026, 5:09:47 AM [32m    LOG[39m [38;5;3m[InstanceLoader] [39m[32mTypeOrmModule dependencies initialized[39m[38;5;3m +0ms[39m
[32m[Nest] 14416  - [39m06/05/2026, 5:09:47 AM [32m    LOG[39m [38;5;3m[InstanceLoader] [39m[32mTypeOrmModule dependencies initialized[39m[38;5;3m +0ms[39m
[32m[Nest] 14416  - [39m06/05/2026, 5:09:47 AM [32m    LOG[39m [38;5;3m[InstanceLoader] [39m[32mTypeOrmModule dependencies initialized[39m[38;5;3m +0ms[39m
[32m[Nest] 14416  - [39m06/05/2026, 5:09:47 AM [32m    LOG[39m [38;5;3m[InstanceLoader] [39m[32mTypeOrmModule dependencies initialized[39m[38;5;3m +0ms[39m
[32m[Nest] 14416  - [39m06/05/2026, 5:09:47 AM [32m    LOG[39m [38;5;3m[InstanceLoader] [39m[32mTypeOrmModule dependencies initialized[39m[38;5;3m +0ms[39m
[32m[Nest] 14416  - [39m06/05/2026, 5:09:47 AM [32m    LOG[39m [38;5;3m[InstanceLoader] [39m[32mTypeOrmModule dependencies initialized[39m[38;5;3m +1ms[39m
[32m[Nest] 14416  - [39m06/05/2026, 5:09:47 AM [32m    LOG[39m [38;5;3m[InstanceLoader] [39m[32mAuditModule dependencies initialized[39m[38;5;3m +1ms[39m
[32m[Nest] 14416  - [39m06/05/2026, 5:09:47 AM [32m    LOG[39m [38;5;3m[InstanceLoader] [39m[32mExternalDatasourcesModule dependencies initialized[39m[38;5;3m +1ms[39m
[32m[Nest] 14416  - [39m06/05/2026, 5:09:47 AM [32m    LOG[39m [38;5;3m[InstanceLoader] [39m[32mSystemModule dependencies initialized[39m[38;5;3m +1ms[39m
[32m[Nest] 14416  - [39m06/05/2026, 5:09:47 AM [32m    LOG[39m [38;5;3m[InstanceLoader] [39m[32mDatasetsModule dependencies initialized[39m[38;5;3m +1ms[39m
[32m[Nest] 14416  - [39m06/05/2026, 5:09:47 AM [32m    LOG[39m [38;5;3m[InstanceLoader] [39m[32mStageModule dependencies initialized[39m[38;5;3m +0ms[39m
[32m[Nest] 14416  - [39m06/05/2026, 5:09:47 AM [32m    LOG[39m [38;5;3m[InstanceLoader] [39m[32mAuditLogModule dependencies initialized[39m[38;5;3m +4ms[39m
[32m[Nest] 14416  - [39m06/05/2026, 5:09:47 AM [32m    LOG[39m [38;5;3m[InstanceLoader] [39m[32mZamaniReportModule dependencies initialized[39m[38;5;3m +0ms[39m
[32m[Nest] 14416  - [39m06/05/2026, 5:09:47 AM [32m    LOG[39m [38;5;3m[InstanceLoader] [39m[32mExportModule dependencies initialized[39m[38;5;3m +1ms[39m
[32m[Nest] 14416  - [39m06/05/2026, 5:09:47 AM [32m    LOG[39m [38;5;3m[InstanceLoader] [39m[32mDashboardModule dependencies initialized[39m[38;5;3m +0ms[39m
[32m[Nest] 14416  - [39m06/05/2026, 5:09:47 AM [32m    LOG[39m [38;5;3m[InstanceLoader] [39m[32mAuthModule dependencies initialized[39m[38;5;3m +1ms[39m
[32m[Nest] 14416  - [39m06/05/2026, 5:09:47 AM [32m    LOG[39m [38;5;3m[InstanceLoader] [39m[32mNotificationsModule dependencies initialized[39m[38;5;3m +0ms[39m
[32m[Nest] 14416  - [39m06/05/2026, 5:09:47 AM [32m    LOG[39m [38;5;3m[InstanceLoader] [39m[32mAdminDatasourcesModule dependencies initialized[39m[38;5;3m +0ms[39m
[32m[Nest] 14416  - [39m06/05/2026, 5:09:47 AM [32m    LOG[39m [38;5;3m[InstanceLoader] [39m[32mAdminUsersModule dependencies initialized[39m[38;5;3m +0ms[39m
[32m[Nest] 14416  - [39m06/05/2026, 5:09:47 AM [32m    LOG[39m [38;5;3m[InstanceLoader] [39m[32mSettingsModule dependencies initialized[39m[38;5;3m +0ms[39m
[32m[Nest] 14416  - [39m06/05/2026, 5:09:47 AM [32m    LOG[39m [38;5;3m[InstanceLoader] [39m[32mSchedulerModule dependencies initialized[39m[38;5;3m +1ms[39m
[32m[Nest] 14416  - [39m06/05/2026, 5:09:47 AM [32m    LOG[39m [38;5;3m[InstanceLoader] [39m[32mAdminDatasetsModule dependencies initialized[39m[38;5;3m +0ms[39m
[32m[Nest] 14416  - [39m06/05/2026, 5:09:47 AM [32m    LOG[39m [38;5;3m[InstanceLoader] [39m[32mConditionsModule dependencies initialized[39m[38;5;3m +0ms[39m
[32m[Nest] 14416  - [39m06/05/2026, 5:09:47 AM [32m    LOG[39m [38;5;3m[EventsGateway] [39m[32mWebSocket Gateway initialized[39m
[32m[Nest] 14416  - [39m06/05/2026, 5:09:47 AM [32m    LOG[39m [38;5;3m[WebSocketsController] [39m[32mEventsGateway subscribed to the "subscribe:dataset" message[39m[38;5;3m +1ms[39m
[32m[Nest] 14416  - [39m06/05/2026, 5:09:47 AM [32m    LOG[39m [38;5;3m[WebSocketsController] [39m[32mEventsGateway subscribed to the "unsubscribe:dataset" message[39m[38;5;3m +0ms[39m
[32m[Nest] 14416  - [39m06/05/2026, 5:09:47 AM [32m    LOG[39m [38;5;3m[RoutesResolver] [39m[32mAuthController {/auth}:[39m[38;5;3m +2ms[39m
[32m[Nest] 14416  - [39m06/05/2026, 5:09:47 AM [32m    LOG[39m [38;5;3m[RouterExplorer] [39m[32mMapped {/auth/login, POST} route[39m[38;5;3m +3ms[39m
[32m[Nest] 14416  - [39m06/05/2026, 5:09:47 AM [32m    LOG[39m [38;5;3m[RouterExplorer] [39m[32mMapped {/auth/refresh, POST} route[39m[38;5;3m +1ms[39m
[32m[Nest] 14416  - [39m06/05/2026, 5:09:47 AM [32m    LOG[39m [38;5;3m[RouterExplorer] [39m[32mMapped {/auth/logout, POST} route[39m[38;5;3m +0ms[39m
[32m[Nest] 14416  - [39m06/05/2026, 5:09:47 AM [32m    LOG[39m [38;5;3m[RouterExplorer] [39m[32mMapped {/auth/change-password, POST} route[39m[38;5;3m +1ms[39m
[32m[Nest] 14416  - [39m06/05/2026, 5:09:47 AM [32m    LOG[39m [38;5;3m[RoutesResolver] [39m[32mSchedulesController {/schedules}:[39m[38;5;3m +0ms[39m
[32m[Nest] 14416  - [39m06/05/2026, 5:09:47 AM [32m    LOG[39m [38;5;3m[RouterExplorer] [39m[32mMapped {/schedules, GET} route[39m[38;5;3m +1ms[39m
[32m[Nest] 14416  - [39m06/05/2026, 5:09:47 AM [32m    LOG[39m [38;5;3m[RouterExplorer] [39m[32mMapped {/schedules/:datasetId, PUT} route[39m[38;5;3m +0ms[39m
[32m[Nest] 14416  - [39m06/05/2026, 5:09:47 AM [32m    LOG[39m [38;5;3m[RouterExplorer] [39m[32mMapped {/schedules/:datasetId/trigger, POST} route[39m[38;5;3m +1ms[39m
[32m[Nest] 14416  - [39m06/05/2026, 5:09:47 AM [32m    LOG[39m [38;5;3m[RoutesResolver] [39m[32mConditionsController {/conditions}:[39m[38;5;3m +0ms[39m
[32m[Nest] 14416  - [39m06/05/2026, 5:09:47 AM [32m    LOG[39m [38;5;3m[RouterExplorer] [39m[32mMapped {/conditions, GET} route[39m[38;5;3m +1ms[39m
[32m[Nest] 14416  - [39m06/05/2026, 5:09:47 AM [32m    LOG[39m [38;5;3m[RouterExplorer] [39m[32mMapped {/conditions, POST} route[39m[38;5;3m +0ms[39m
[32m[Nest] 14416  - [39m06/05/2026, 5:09:47 AM [32m    LOG[39m [38;5;3m[RouterExplorer] [39m[32mMapped {/conditions/:id, PUT} route[39m[38;5;3m +1ms[39m
[32m[Nest] 14416  - [39m06/05/2026, 5:09:47 AM [32m    LOG[39m [38;5;3m[RouterExplorer] [39m[32mMapped {/conditions/:id, DELETE} route[39m[38;5;3m +0ms[39m
[32m[Nest] 14416  - [39m06/05/2026, 5:09:47 AM [32m    LOG[39m [38;5;3m[RouterExplorer] [39m[32mMapped {/conditions/test-notify-preview, POST} route[39m[38;5;3m +1ms[39m
[32m[Nest] 14416  - [39m06/05/2026, 5:09:47 AM [32m    LOG[39m [38;5;3m[RouterExplorer] [39m[32mMapped {/conditions/:id/preview, POST} route[39m[38;5;3m +0ms[39m
[32m[Nest] 14416  - [39m06/05/2026, 5:09:47 AM [32m    LOG[39m [38;5;3m[RouterExplorer] [39m[32mMapped {/conditions/:id/trigger-now, POST} route[39m[38;5;3m +0ms[39m
[32m[Nest] 14416  - [39m06/05/2026, 5:09:47 AM [32m    LOG[39m [38;5;3m[RouterExplorer] [39m[32mMapped {/conditions/:id/test-notify, POST} route[39m[38;5;3m +0ms[39m
[32m[Nest] 14416  - [39m06/05/2026, 5:09:47 AM [32m    LOG[39m [38;5;3m[RoutesResolver] [39m[32mNotificationsController {/notifications}:[39m[38;5;3m +1ms[39m
[32m[Nest] 14416  - [39m06/05/2026, 5:09:47 AM [32m    LOG[39m [38;5;3m[RouterExplorer] [39m[32mMapped {/notifications, GET} route[39m[38;5;3m +0ms[39m
[32m[Nest] 14416  - [39m06/05/2026, 5:09:47 AM [32m    LOG[39m [38;5;3m[RouterExplorer] [39m[32mMapped {/notifications/:id/retry, POST} route[39m[38;5;3m +0ms[39m
[32m[Nest] 14416  - [39m06/05/2026, 5:09:47 AM [32m    LOG[39m [38;5;3m[RoutesResolver] [39m[32mDashboardController {/dashboard}:[39m[38;5;3m +0ms[39m
[32m[Nest] 14416  - [39m06/05/2026, 5:09:47 AM [32m    LOG[39m [38;5;3m[RouterExplorer] [39m[32mMapped {/dashboard/datasets, GET} route[39m[38;5;3m +1ms[39m
[32m[Nest] 14416  - [39m06/05/2026, 5:09:47 AM [32m    LOG[39m [38;5;3m[RouterExplorer] [39m[32mMapped {/dashboard/:datasetId/data, GET} route[39m[38;5;3m +0ms[39m
[32m[Nest] 14416  - [39m06/05/2026, 5:09:47 AM [32m    LOG[39m [38;5;3m[RouterExplorer] [39m[32mMapped {/dashboard/:datasetId/matrix, GET} route[39m[38;5;3m +0ms[39m
[32m[Nest] 14416  - [39m06/05/2026, 5:09:47 AM [32m    LOG[39m [38;5;3m[RouterExplorer] [39m[32mMapped {/dashboard/:datasetId/refresh, POST} route[39m[38;5;3m +1ms[39m
[32m[Nest] 14416  - [39m06/05/2026, 5:09:47 AM [32m    LOG[39m [38;5;3m[RouterExplorer] [39m[32mMapped {/dashboard/:datasetId/history, GET} route[39m[38;5;3m +0ms[39m
[32m[Nest] 14416  - [39m06/05/2026, 5:09:47 AM [32m    LOG[39m [38;5;3m[RoutesResolver] [39m[32mExportController {/export}:[39m[38;5;3m +0ms[39m
[32m[Nest] 14416  - [39m06/05/2026, 5:09:47 AM [32m    LOG[39m [38;5;3m[RouterExplorer] [39m[32mMapped {/export/:datasetId/csv, GET} route[39m[38;5;3m +0ms[39m
[32m[Nest] 14416  - [39m06/05/2026, 5:09:47 AM [32m    LOG[39m [38;5;3m[RouterExplorer] [39m[32mMapped {/export/:datasetId/excel, GET} route[39m[38;5;3m +1ms[39m
[32m[Nest] 14416  - [39m06/05/2026, 5:09:47 AM [32m    LOG[39m [38;5;3m[RoutesResolver] [39m[32mAdminUsersController {/admin/users}:[39m[38;5;3m +0ms[39m
[32m[Nest] 14416  - [39m06/05/2026, 5:09:47 AM [32m    LOG[39m [38;5;3m[RouterExplorer] [39m[32mMapped {/admin/users, GET} route[39m[38;5;3m +0ms[39m
[32m[Nest] 14416  - [39m06/05/2026, 5:09:47 AM [32m    LOG[39m [38;5;3m[RouterExplorer] [39m[32mMapped {/admin/users, POST} route[39m[38;5;3m +0ms[39m
[32m[Nest] 14416  - [39m06/05/2026, 5:09:47 AM [32m    LOG[39m [38;5;3m[RouterExplorer] [39m[32mMapped {/admin/users/:id, PUT} route[39m[38;5;3m +1ms[39m
[32m[Nest] 14416  - [39m06/05/2026, 5:09:47 AM [32m    LOG[39m [38;5;3m[RouterExplorer] [39m[32mMapped {/admin/users/:id/deactivate, POST} route[39m[38;5;3m +0ms[39m
[32m[Nest] 14416  - [39m06/05/2026, 5:09:47 AM [32m    LOG[39m [38;5;3m[RouterExplorer] [39m[32mMapped {/admin/users/:id/sessions, GET} route[39m[38;5;3m +0ms[39m
[32m[Nest] 14416  - [39m06/05/2026, 5:09:47 AM [32m    LOG[39m [38;5;3m[RouterExplorer] [39m[32mMapped {/admin/users/:id/sessions/:sid, DELETE} route[39m[38;5;3m +0ms[39m
[32m[Nest] 14416  - [39m06/05/2026, 5:09:47 AM [32m    LOG[39m [38;5;3m[RoutesResolver] [39m[32mAdminDatasetsController {/admin/datasets}:[39m[38;5;3m +1ms[39m
[32m[Nest] 14416  - [39m06/05/2026, 5:09:47 AM [32m    LOG[39m [38;5;3m[RouterExplorer] [39m[32mMapped {/admin/datasets, GET} route[39m[38;5;3m +0ms[39m
[32m[Nest] 14416  - [39m06/05/2026, 5:09:47 AM [32m    LOG[39m [38;5;3m[RouterExplorer] [39m[32mMapped {/admin/datasets, POST} route[39m[38;5;3m +0ms[39m
[32m[Nest] 14416  - [39m06/05/2026, 5:09:47 AM [32m    LOG[39m [38;5;3m[RouterExplorer] [39m[32mMapped {/admin/datasets/:id, PUT} route[39m[38;5;3m +0ms[39m
[32m[Nest] 14416  - [39m06/05/2026, 5:09:47 AM [32m    LOG[39m [38;5;3m[RouterExplorer] [39m[32mMapped {/admin/datasets/:id, DELETE} route[39m[38;5;3m +0ms[39m
[32m[Nest] 14416  - [39m06/05/2026, 5:09:47 AM [32m    LOG[39m [38;5;3m[RouterExplorer] [39m[32mMapped {/admin/datasets/validate-sql, POST} route[39m[38;5;3m +1ms[39m
[32m[Nest] 14416  - [39m06/05/2026, 5:09:47 AM [32m    LOG[39m [38;5;3m[RoutesResolver] [39m[32mAdminDatasourcesController {/admin/datasources}:[39m[38;5;3m +0ms[39m
[32m[Nest] 14416  - [39m06/05/2026, 5:09:47 AM [32m    LOG[39m [38;5;3m[RouterExplorer] [39m[32mMapped {/admin/datasources, GET} route[39m[38;5;3m +0ms[39m
[32m[Nest] 14416  - [39m06/05/2026, 5:09:47 AM [32m    LOG[39m [38;5;3m[RouterExplorer] [39m[32mMapped {/admin/datasources/:id, GET} route[39m[38;5;3m +0ms[39m
[32m[Nest] 14416  - [39m06/05/2026, 5:09:47 AM [32m    LOG[39m [38;5;3m[RouterExplorer] [39m[32mMapped {/admin/datasources, POST} route[39m[38;5;3m +0ms[39m
[32m[Nest] 14416  - [39m06/05/2026, 5:09:47 AM [32m    LOG[39m [38;5;3m[RouterExplorer] [39m[32mMapped {/admin/datasources/:id, PUT} route[39m[38;5;3m +0ms[39m
[32m[Nest] 14416  - [39m06/05/2026, 5:09:47 AM [32m    LOG[39m [38;5;3m[RouterExplorer] [39m[32mMapped {/admin/datasources/:id, DELETE} route[39m[38;5;3m +1ms[39m
[32m[Nest] 14416  - [39m06/05/2026, 5:09:47 AM [32m    LOG[39m [38;5;3m[RouterExplorer] [39m[32mMapped {/admin/datasources/test-connection, POST} route[39m[38;5;3m +0ms[39m
[32m[Nest] 14416  - [39m06/05/2026, 5:09:47 AM [32m    LOG[39m [38;5;3m[RoutesResolver] [39m[32mSettingsController {/admin/settings}:[39m[38;5;3m +0ms[39m
[32m[Nest] 14416  - [39m06/05/2026, 5:09:47 AM [32m    LOG[39m [38;5;3m[RouterExplorer] [39m[32mMapped {/admin/settings, GET} route[39m[38;5;3m +0ms[39m
[32m[Nest] 14416  - [39m06/05/2026, 5:09:47 AM [32m    LOG[39m [38;5;3m[RouterExplorer] [39m[32mMapped {/admin/settings, PUT} route[39m[38;5;3m +0ms[39m
[32m[Nest] 14416  - [39m06/05/2026, 5:09:47 AM [32m    LOG[39m [38;5;3m[RouterExplorer] [39m[32mMapped {/admin/settings/test-jerasoft, POST} route[39m[38;5;3m +1ms[39m
[32m[Nest] 14416  - [39m06/05/2026, 5:09:47 AM [32m    LOG[39m [38;5;3m[RouterExplorer] [39m[32mMapped {/admin/settings/test-graph, POST} route[39m[38;5;3m +0ms[39m
[32m[Nest] 14416  - [39m06/05/2026, 5:09:47 AM [32m    LOG[39m [38;5;3m[RouterExplorer] [39m[32mMapped {/admin/settings/test-teams, POST} route[39m[38;5;3m +0ms[39m
[32m[Nest] 14416  - [39m06/05/2026, 5:09:47 AM [32m    LOG[39m [38;5;3m[RouterExplorer] [39m[32mMapped {/admin/settings/rotate-key, POST} route[39m[38;5;3m +0ms[39m
[32m[Nest] 14416  - [39m06/05/2026, 5:09:47 AM [32m    LOG[39m [38;5;3m[RoutesResolver] [39m[32mAuditLogController {/admin/audit-log}:[39m[38;5;3m +0ms[39m
[32m[Nest] 14416  - [39m06/05/2026, 5:09:47 AM [32m    LOG[39m [38;5;3m[RouterExplorer] [39m[32mMapped {/admin/audit-log, GET} route[39m[38;5;3m +1ms[39m
[32m[Nest] 14416  - [39m06/05/2026, 5:09:47 AM [32m    LOG[39m [38;5;3m[RouterExplorer] [39m[32mMapped {/admin/audit-log/export, GET} route[39m[38;5;3m +0ms[39m
[32m[Nest] 14416  - [39m06/05/2026, 5:09:47 AM [32m    LOG[39m [38;5;3m[RoutesResolver] [39m[32mHealthController {/system}:[39m[38;5;3m +0ms[39m
[32m[Nest] 14416  - [39m06/05/2026, 5:09:47 AM [32m    LOG[39m [38;5;3m[RouterExplorer] [39m[32mMapped {/system/health, GET} route[39m[38;5;3m +0ms[39m
[32m[Nest] 14416  - [39m06/05/2026, 5:09:47 AM [32m    LOG[39m [38;5;3m[RoutesResolver] [39m[32mZamaniReportController {/reports/zamani}:[39m[38;5;3m +0ms[39m
[32m[Nest] 14416  - [39m06/05/2026, 5:09:47 AM [32m    LOG[39m [38;5;3m[RouterExplorer] [39m[32mMapped {/reports/zamani/filters, GET} route[39m[38;5;3m +0ms[39m
[32m[Nest] 14416  - [39m06/05/2026, 5:09:47 AM [32m    LOG[39m [38;5;3m[RouterExplorer] [39m[32mMapped {/reports/zamani/yesterday, GET} route[39m[38;5;3m +1ms[39m
[32m[Nest] 14416  - [39m06/05/2026, 5:09:47 AM [32m    LOG[39m [38;5;3m[RouterExplorer] [39m[32mMapped {/reports/zamani/comparison, GET} route[39m[38;5;3m +0ms[39m
[32m[Nest] 14416  - [39m06/05/2026, 5:09:47 AM [32m    LOG[39m [38;5;3m[RouterExplorer] [39m[32mMapped {/reports/zamani/mtd, GET} route[39m[38;5;3m +0ms[39m
[32m[Nest] 14416  - [39m06/05/2026, 5:09:47 AM [32m    LOG[39m [38;5;3m[RouterExplorer] [39m[32mMapped {/reports/zamani/projections, GET} route[39m[38;5;3m +0ms[39m
[32m[Nest] 14416  - [39m06/05/2026, 5:09:47 AM [32m    LOG[39m [38;5;3m[RouterExplorer] [39m[32mMapped {/reports/zamani/targets, GET} route[39m[38;5;3m +0ms[39m
[32m[Nest] 14416  - [39m06/05/2026, 5:09:47 AM [32m    LOG[39m [38;5;3m[RouterExplorer] [39m[32mMapped {/reports/zamani/targets, POST} route[39m[38;5;3m +1ms[39m
[32m[Nest] 14416  - [39m06/05/2026, 5:09:47 AM [32m    LOG[39m [38;5;3m[JerasoftService] [39m[32mJerasoft database connection established[39m
[32m[Nest] 14416  - [39m06/05/2026, 5:09:47 AM [32m    LOG[39m [38;5;3m[SchedulerService] [39m[32mLoading 3 active datasets for scheduling[39m
[32m[Nest] 14416  - [39m06/05/2026, 5:09:47 AM [32m    LOG[39m [38;5;3m[SchedulerService] [39m[32mScheduled dataset: Clients (*/45 * * * *)[39m
[32m[Nest] 14416  - [39m06/05/2026, 5:09:47 AM [32m    LOG[39m [38;5;3m[SchedulerService] [39m[32mScheduled dataset: Pre-Payment CL (0 */6 * * *)[39m
[32m[Nest] 14416  - [39m06/05/2026, 5:09:47 AM [32m    LOG[39m [38;5;3m[SchedulerService] [39m[32mScheduled dataset: Zamani Traffic (0 1 * * *)[39m
[32m[Nest] 14416  - [39m06/05/2026, 5:09:47 AM [32m    LOG[39m [38;5;3m[ConditionSchedulerService] [39m[32mRegistered 0 condition trigger job(s)[39m
[32m[Nest] 14416  - [39m06/05/2026, 5:09:47 AM [32m    LOG[39m [38;5;3m[NestApplication] [39m[32mNest application successfully started[39m[38;5;3m +22ms[39m
AMS Backend running on port 3001
[32m[Nest] 14416  - [39m06/05/2026, 5:34:13 AM [32m    LOG[39m [38;5;3m[EventsGateway] [39m[32mClient connected: HbkjtbgEhuEWSX7DAAAF (user: admin@hayo.net)[39m
[32m[Nest] 14416  - [39m06/05/2026, 5:34:22 AM [32m    LOG[39m [38;5;3m[EventsGateway] [39m[32mClient disconnected: HbkjtbgEhuEWSX7DAAAF[39m
[32m[Nest] 14416  - [39m06/05/2026, 5:35:00 AM [32m    LOG[39m [38;5;3m[EventsGateway] [39m[32mClient connected: Pjxb8CYvzlalnM-3AAAJ (user: admin@hayo.net)[39m
[32m[Nest] 14416  - [39m06/05/2026, 5:35:04 AM [32m    LOG[39m [38;5;3m[EventsGateway] [39m[32mClient disconnected: Pjxb8CYvzlalnM-3AAAJ[39m
[32m[Nest] 14416  - [39m06/05/2026, 5:35:06 AM [32m    LOG[39m [38;5;3m[EventsGateway] [39m[32mClient connected: YFDftjRvmBeSeLhVAAAN (user: admin@hayo.net)[39m
[32m[Nest] 14416  - [39m06/05/2026, 5:43:06 AM [32m    LOG[39m [38;5;3m[EventsGateway] [39m[32mClient disconnected: YFDftjRvmBeSeLhVAAAN[39m
[32m[Nest] 14416  - [39m06/05/2026, 5:43:08 AM [32m    LOG[39m [38;5;3m[EventsGateway] [39m[32mClient connected: gEDcYupCIl8nL7eeAAAR (user: admin@hayo.net)[39m
[32m[Nest] 14416  - [39m06/05/2026, 5:45:00 AM [32m    LOG[39m [38;5;3m[SchedulerService] [39m[32mStarting refresh cycle for dataset: Clients[39m
[32m[Nest] 14416  - [39m06/05/2026, 5:45:00 AM [32m    LOG[39m [38;5;3m[StageService] [39m[32mRefreshing dataset: Clients (12101354-591e-4c20-ae11-56c02c340493)[39m
[32m[Nest] 14416  - [39m06/05/2026, 5:45:01 AM [32m    LOG[39m [38;5;3m[StageService] [39m[32mDataset Clients refreshed: 992 rows in 1557ms[39m
[32m[Nest] 14416  - [39m06/05/2026, 5:49:18 AM [32m    LOG[39m [38;5;3m[EventsGateway] [39m[32mClient disconnected: gEDcYupCIl8nL7eeAAAR[39m
[32m[Nest] 14416  - [39m06/05/2026, 5:50:05 AM [32m    LOG[39m [38;5;3m[EventsGateway] [39m[32mClient connected: AlxmaoLFaFX6zYceAAAV (user: admin@hayo.net)[39m
[32m[Nest] 14416  - [39m06/05/2026, 5:52:24 AM [32m    LOG[39m [38;5;3m[EventsGateway] [39m[32mClient disconnected: AlxmaoLFaFX6zYceAAAV[39m
[32m[Nest] 14416  - [39m06/05/2026, 5:52:26 AM [32m    LOG[39m [38;5;3m[EventsGateway] [39m[32mClient connected: AFxa6z4xJSOkG3lJAAAZ (user: admin@hayo.net)[39m
[32m[Nest] 14416  - [39m06/05/2026, 5:54:28 AM [32m    LOG[39m [38;5;3m[EventsGateway] [39m[32mClient disconnected: AFxa6z4xJSOkG3lJAAAZ[39m
[32m[Nest] 14416  - [39m06/05/2026, 5:54:30 AM [32m    LOG[39m [38;5;3m[EventsGateway] [39m[32mClient connected: QSLfnzDGmUlG3oUjAAAd (user: admin@hayo.net)[39m
[32m[Nest] 14416  - [39m06/05/2026, 6:00:00 AM [32m    LOG[39m [38;5;3m[SchedulerService] [39m[32mStarting refresh cycle for dataset: Pre-Payment CL[39m
[32m[Nest] 14416  - [39m06/05/2026, 6:00:00 AM [32m    LOG[39m [38;5;3m[SchedulerService] [39m[32mStarting refresh cycle for dataset: Clients[39m
[32m[Nest] 14416  - [39m06/05/2026, 6:00:00 AM [32m    LOG[39m [38;5;3m[StageService] [39m[32mRefreshing dataset: Clients (12101354-591e-4c20-ae11-56c02c340493)[39m
[32m[Nest] 14416  - [39m06/05/2026, 6:00:00 AM [32m    LOG[39m [38;5;3m[StageService] [39m[32mRefreshing dataset: Pre-Payment CL (36398f46-f6e3-4df1-937f-2074bab69da4)[39m
[32m[Nest] 14416  - [39m06/05/2026, 6:00:00 AM [32m    LOG[39m [38;5;3m[StageService] [39m[32mDataset Pre-Payment CL refreshed: 5 rows in 462ms[39m
[32m[Nest] 14416  - [39m06/05/2026, 6:00:00 AM [32m    LOG[39m [38;5;3m[StageService] [39m[32mDataset Clients refreshed: 992 rows in 528ms[39m
[32m[Nest] 14416  - [39m06/05/2026, 6:02:33 AM [32m    LOG[39m [38;5;3m[EventsGateway] [39m[32mClient disconnected: QSLfnzDGmUlG3oUjAAAd[39m
[32m[Nest] 14416  - [39m06/05/2026, 6:03:21 AM [32m    LOG[39m [38;5;3m[EventsGateway] [39m[32mClient connected: D019KAJemXZvJ10SAAAh (user: admin@hayo.net)[39m
[2J[3J[H[[90m6:35:04 AM[0m] File change detected. Starting incremental compilation...

[[90m6:35:04 AM[0m] Found 0 errors. Watching for file changes.

[32m[Nest] 36480  - [39m06/05/2026, 6:35:09 AM [32m    LOG[39m [38;5;3m[NestFactory] [39m[32mStarting Nest application...[39m
[32m[Nest] 36480  - [39m06/05/2026, 6:35:09 AM [32m    LOG[39m [38;5;3m[InstanceLoader] [39m[32mAppModule dependencies initialized[39m[38;5;3m +51ms[39m
[32m[Nest] 36480  - [39m06/05/2026, 6:35:09 AM [32m    LOG[39m [38;5;3m[InstanceLoader] [39m[32mTypeOrmModule dependencies initialized[39m[38;5;3m +0ms[39m
[32m[Nest] 36480  - [39m06/05/2026, 6:35:09 AM [32m    LOG[39m [38;5;3m[InstanceLoader] [39m[32mPassportModule dependencies initialized[39m[38;5;3m +0ms[39m
[32m[Nest] 36480  - [39m06/05/2026, 6:35:09 AM [32m    LOG[39m [38;5;3m[InstanceLoader] [39m[32mConfigHostModule dependencies initialized[39m[38;5;3m +0ms[39m
[32m[Nest] 36480  - [39m06/05/2026, 6:35:09 AM [32m    LOG[39m [38;5;3m[InstanceLoader] [39m[32mDiscoveryModule dependencies initialized[39m[38;5;3m +1ms[39m
[32m[Nest] 36480  - [39m06/05/2026, 6:35:09 AM [32m    LOG[39m [38;5;3m[InstanceLoader] [39m[32mConfigModule dependencies initialized[39m[38;5;3m +0ms[39m
[32m[Nest] 36480  - [39m06/05/2026, 6:35:09 AM [32m    LOG[39m [38;5;3m[InstanceLoader] [39m[32mConfigModule dependencies initialized[39m[38;5;3m +0ms[39m
[32m[Nest] 36480  - [39m06/05/2026, 6:35:09 AM [32m    LOG[39m [38;5;3m[InstanceLoader] [39m[32mScheduleModule dependencies initialized[39m[38;5;3m +2ms[39m
[32m[Nest] 36480  - [39m06/05/2026, 6:35:09 AM [32m    LOG[39m [38;5;3m[InstanceLoader] [39m[32mJerasoftModule dependencies initialized[39m[38;5;3m +27ms[39m
[32m[Nest] 36480  - [39m06/05/2026, 6:35:09 AM [32m    LOG[39m [38;5;3m[InstanceLoader] [39m[32mCredentialsModule dependencies initialized[39m[38;5;3m +0ms[39m
[32m[Nest] 36480  - [39m06/05/2026, 6:35:09 AM [32m    LOG[39m [38;5;3m[InstanceLoader] [39m[32mJwtModule dependencies initialized[39m[38;5;3m +0ms[39m
[32m[Nest] 36480  - [39m06/05/2026, 6:35:09 AM [32m    LOG[39m [38;5;3m[InstanceLoader] [39m[32mWebsocketModule dependencies initialized[39m[38;5;3m +1ms[39m
[32m[Nest] 36480  - [39m06/05/2026, 6:35:09 AM [32m    LOG[39m [38;5;3m[InstanceLoader] [39m[32mTypeOrmCoreModule dependencies initialized[39m[38;5;3m +134ms[39m
[32m[Nest] 36480  - [39m06/05/2026, 6:35:09 AM [32m    LOG[39m [38;5;3m[InstanceLoader] [39m[32mTypeOrmModule dependencies initialized[39m[38;5;3m +1ms[39m
[32m[Nest] 36480  - [39m06/05/2026, 6:35:09 AM [32m    LOG[39m [38;5;3m[InstanceLoader] [39m[32mTypeOrmModule dependencies initialized[39m[38;5;3m +0ms[39m
[32m[Nest] 36480  - [39m06/05/2026, 6:35:09 AM [32m    LOG[39m [38;5;3m[InstanceLoader] [39m[32mTypeOrmModule dependencies initialized[39m[38;5;3m +0ms[39m
[32m[Nest] 36480  - [39m06/05/2026, 6:35:09 AM [32m    LOG[39m [38;5;3m[InstanceLoader] [39m[32mTypeOrmModule dependencies initialized[39m[38;5;3m +0ms[39m
[32m[Nest] 36480  - [39m06/05/2026, 6:35:09 AM [32m    LOG[39m [38;5;3m[InstanceLoader] [39m[32mTypeOrmModule dependencies initialized[39m[38;5;3m +0ms[39m
[32m[Nest] 36480  - [39m06/05/2026, 6:35:09 AM [32m    LOG[39m [38;5;3m[InstanceLoader] [39m[32mTypeOrmModule dependencies initialized[39m[38;5;3m +0ms[39m
[32m[Nest] 36480  - [39m06/05/2026, 6:35:09 AM [32m    LOG[39m [38;5;3m[InstanceLoader] [39m[32mTypeOrmModule dependencies initialized[39m[38;5;3m +0ms[39m
[32m[Nest] 36480  - [39m06/05/2026, 6:35:09 AM [32m    LOG[39m [38;5;3m[InstanceLoader] [39m[32mTypeOrmModule dependencies initialized[39m[38;5;3m +0ms[39m
[32m[Nest] 36480  - [39m06/05/2026, 6:35:09 AM [32m    LOG[39m [38;5;3m[InstanceLoader] [39m[32mTypeOrmModule dependencies initialized[39m[38;5;3m +0ms[39m
[32m[Nest] 36480  - [39m06/05/2026, 6:35:09 AM [32m    LOG[39m [38;5;3m[InstanceLoader] [39m[32mTypeOrmModule dependencies initialized[39m[38;5;3m +0ms[39m
[32m[Nest] 36480  - [39m06/05/2026, 6:35:09 AM [32m    LOG[39m [38;5;3m[InstanceLoader] [39m[32mTypeOrmModule dependencies initialized[39m[38;5;3m +0ms[39m
[32m[Nest] 36480  - [39m06/05/2026, 6:35:09 AM [32m    LOG[39m [38;5;3m[InstanceLoader] [39m[32mAuditModule dependencies initialized[39m[38;5;3m +2ms[39m
[32m[Nest] 36480  - [39m06/05/2026, 6:35:09 AM [32m    LOG[39m [38;5;3m[InstanceLoader] [39m[32mExternalDatasourcesModule dependencies initialized[39m[38;5;3m +1ms[39m
[32m[Nest] 36480  - [39m06/05/2026, 6:35:09 AM [32m    LOG[39m [38;5;3m[InstanceLoader] [39m[32mSystemModule dependencies initialized[39m[38;5;3m +2ms[39m
[32m[Nest] 36480  - [39m06/05/2026, 6:35:09 AM [32m    LOG[39m [38;5;3m[InstanceLoader] [39m[32mDatasetsModule dependencies initialized[39m[38;5;3m +1ms[39m
[32m[Nest] 36480  - [39m06/05/2026, 6:35:09 AM [32m    LOG[39m [38;5;3m[InstanceLoader] [39m[32mStageModule dependencies initialized[39m[38;5;3m +0ms[39m
[32m[Nest] 36480  - [39m06/05/2026, 6:35:09 AM [32m    LOG[39m [38;5;3m[InstanceLoader] [39m[32mAuditLogModule dependencies initialized[39m[38;5;3m +5ms[39m
[32m[Nest] 36480  - [39m06/05/2026, 6:35:09 AM [32m    LOG[39m [38;5;3m[InstanceLoader] [39m[32mZamaniReportModule dependencies initialized[39m[38;5;3m +0ms[39m
[32m[Nest] 36480  - [39m06/05/2026, 6:35:09 AM [32m    LOG[39m [38;5;3m[InstanceLoader] [39m[32mExportModule dependencies initialized[39m[38;5;3m +1ms[39m
[32m[Nest] 36480  - [39m06/05/2026, 6:35:09 AM [32m    LOG[39m [38;5;3m[InstanceLoader] [39m[32mDashboardModule dependencies initialized[39m[38;5;3m +1ms[39m
[32m[Nest] 36480  - [39m06/05/2026, 6:35:09 AM [32m    LOG[39m [38;5;3m[InstanceLoader] [39m[32mAuthModule dependencies initialized[39m[38;5;3m +0ms[39m
[32m[Nest] 36480  - [39m06/05/2026, 6:35:09 AM [32m    LOG[39m [38;5;3m[InstanceLoader] [39m[32mNotificationsModule dependencies initialized[39m[38;5;3m +1ms[39m
[32m[Nest] 36480  - [39m06/05/2026, 6:35:09 AM [32m    LOG[39m [38;5;3m[InstanceLoader] [39m[32mAdminDatasourcesModule dependencies initialized[39m[38;5;3m +0ms[39m
[32m[Nest] 36480  - [39m06/05/2026, 6:35:09 AM [32m    LOG[39m [38;5;3m[InstanceLoader] [39m[32mAdminUsersModule dependencies initialized[39m[38;5;3m +0ms[39m
[32m[Nest] 36480  - [39m06/05/2026, 6:35:09 AM [32m    LOG[39m [38;5;3m[InstanceLoader] [39m[32mSettingsModule dependencies initialized[39m[38;5;3m +0ms[39m
[32m[Nest] 36480  - [39m06/05/2026, 6:35:09 AM [32m    LOG[39m [38;5;3m[InstanceLoader] [39m[32mSchedulerModule dependencies initialized[39m[38;5;3m +0ms[39m
[32m[Nest] 36480  - [39m06/05/2026, 6:35:09 AM [32m    LOG[39m [38;5;3m[InstanceLoader] [39m[32mAdminDatasetsModule dependencies initialized[39m[38;5;3m +1ms[39m
[32m[Nest] 36480  - [39m06/05/2026, 6:35:09 AM [32m    LOG[39m [38;5;3m[InstanceLoader] [39m[32mConditionsModule dependencies initialized[39m[38;5;3m +0ms[39m
[32m[Nest] 36480  - [39m06/05/2026, 6:35:09 AM [32m    LOG[39m [38;5;3m[EventsGateway] [39m[32mWebSocket Gateway initialized[39m
[32m[Nest] 36480  - [39m06/05/2026, 6:35:09 AM [32m    LOG[39m [38;5;3m[WebSocketsController] [39m[32mEventsGateway subscribed to the "subscribe:dataset" message[39m[38;5;3m +1ms[39m
[32m[Nest] 36480  - [39m06/05/2026, 6:35:09 AM [32m    LOG[39m [38;5;3m[WebSocketsController] [39m[32mEventsGateway subscribed to the "unsubscribe:dataset" message[39m[38;5;3m +0ms[39m
[32m[Nest] 36480  - [39m06/05/2026, 6:35:09 AM [32m    LOG[39m [38;5;3m[RoutesResolver] [39m[32mAuthController {/auth}:[39m[38;5;3m +2ms[39m
[32m[Nest] 36480  - [39m06/05/2026, 6:35:09 AM [32m    LOG[39m [38;5;3m[RouterExplorer] [39m[32mMapped {/auth/login, POST} route[39m[38;5;3m +3ms[39m
[32m[Nest] 36480  - [39m06/05/2026, 6:35:09 AM [32m    LOG[39m [38;5;3m[RouterExplorer] [39m[32mMapped {/auth/refresh, POST} route[39m[38;5;3m +1ms[39m
[32m[Nest] 36480  - [39m06/05/2026, 6:35:09 AM [32m    LOG[39m [38;5;3m[RouterExplorer] [39m[32mMapped {/auth/logout, POST} route[39m[38;5;3m +1ms[39m
[32m[Nest] 36480  - [39m06/05/2026, 6:35:09 AM [32m    LOG[39m [38;5;3m[RouterExplorer] [39m[32mMapped {/auth/change-password, POST} route[39m[38;5;3m +0ms[39m
[32m[Nest] 36480  - [39m06/05/2026, 6:35:09 AM [32m    LOG[39m [38;5;3m[RoutesResolver] [39m[32mSchedulesController {/schedules}:[39m[38;5;3m +0ms[39m
[32m[Nest] 36480  - [39m06/05/2026, 6:35:09 AM [32m    LOG[39m [38;5;3m[RouterExplorer] [39m[32mMapped {/schedules, GET} route[39m[38;5;3m +1ms[39m
[32m[Nest] 36480  - [39m06/05/2026, 6:35:09 AM [32m    LOG[39m [38;5;3m[RouterExplorer] [39m[32mMapped {/schedules/:datasetId, PUT} route[39m[38;5;3m +1ms[39m
[32m[Nest] 36480  - [39m06/05/2026, 6:35:09 AM [32m    LOG[39m [38;5;3m[RouterExplorer] [39m[32mMapped {/schedules/:datasetId/trigger, POST} route[39m[38;5;3m +0ms[39m
[32m[Nest] 36480  - [39m06/05/2026, 6:35:09 AM [32m    LOG[39m [38;5;3m[RoutesResolver] [39m[32mConditionsController {/conditions}:[39m[38;5;3m +0ms[39m
[32m[Nest] 36480  - [39m06/05/2026, 6:35:09 AM [32m    LOG[39m [38;5;3m[RouterExplorer] [39m[32mMapped {/conditions, GET} route[39m[38;5;3m +1ms[39m
[32m[Nest] 36480  - [39m06/05/2026, 6:35:09 AM [32m    LOG[39m [38;5;3m[RouterExplorer] [39m[32mMapped {/conditions, POST} route[39m[38;5;3m +0ms[39m
[32m[Nest] 36480  - [39m06/05/2026, 6:35:09 AM [32m    LOG[39m [38;5;3m[RouterExplorer] [39m[32mMapped {/conditions/:id, PUT} route[39m[38;5;3m +1ms[39m
[32m[Nest] 36480  - [39m06/05/2026, 6:35:09 AM [32m    LOG[39m [38;5;3m[RouterExplorer] [39m[32mMapped {/conditions/:id, DELETE} route[39m[38;5;3m +0ms[39m
[32m[Nest] 36480  - [39m06/05/2026, 6:35:09 AM [32m    LOG[39m [38;5;3m[RouterExplorer] [39m[32mMapped {/conditions/test-notify-preview, POST} route[39m[38;5;3m +1ms[39m
[32m[Nest] 36480  - [39m06/05/2026, 6:35:09 AM [32m    LOG[39m [38;5;3m[RouterExplorer] [39m[32mMapped {/conditions/:id/preview, POST} route[39m[38;5;3m +0ms[39m
[32m[Nest] 36480  - [39m06/05/2026, 6:35:09 AM [32m    LOG[39m [38;5;3m[RouterExplorer] [39m[32mMapped {/conditions/:id/trigger-now, POST} route[39m[38;5;3m +0ms[39m
[32m[Nest] 36480  - [39m06/05/2026, 6:35:09 AM [32m    LOG[39m [38;5;3m[RouterExplorer] [39m[32mMapped {/conditions/:id/test-notify, POST} route[39m[38;5;3m +1ms[39m
[32m[Nest] 36480  - [39m06/05/2026, 6:35:09 AM [32m    LOG[39m [38;5;3m[RoutesResolver] [39m[32mNotificationsController {/notifications}:[39m[38;5;3m +0ms[39m
[32m[Nest] 36480  - [39m06/05/2026, 6:35:09 AM [32m    LOG[39m [38;5;3m[RouterExplorer] [39m[32mMapped {/notifications, GET} route[39m[38;5;3m +0ms[39m
[32m[Nest] 36480  - [39m06/05/2026, 6:35:09 AM [32m    LOG[39m [38;5;3m[RouterExplorer] [39m[32mMapped {/notifications/:id/retry, POST} route[39m[38;5;3m +0ms[39m
[32m[Nest] 36480  - [39m06/05/2026, 6:35:09 AM [32m    LOG[39m [38;5;3m[RoutesResolver] [39m[32mDashboardController {/dashboard}:[39m[38;5;3m +0ms[39m
[32m[Nest] 36480  - [39m06/05/2026, 6:35:09 AM [32m    LOG[39m [38;5;3m[RouterExplorer] [39m[32mMapped {/dashboard/datasets, GET} route[39m[38;5;3m +1ms[39m
[32m[Nest] 36480  - [39m06/05/2026, 6:35:09 AM [32m    LOG[39m [38;5;3m[RouterExplorer] [39m[32mMapped {/dashboard/:datasetId/data, GET} route[39m[38;5;3m +0ms[39m
[32m[Nest] 36480  - [39m06/05/2026, 6:35:09 AM [32m    LOG[39m [38;5;3m[RouterExplorer] [39m[32mMapped {/dashboard/:datasetId/matrix, GET} route[39m[38;5;3m +0ms[39m
[32m[Nest] 36480  - [39m06/05/2026, 6:35:09 AM [32m    LOG[39m [38;5;3m[RouterExplorer] [39m[32mMapped {/dashboard/:datasetId/refresh, POST} route[39m[38;5;3m +1ms[39m
[32m[Nest] 36480  - [39m06/05/2026, 6:35:09 AM [32m    LOG[39m [38;5;3m[RouterExplorer] [39m[32mMapped {/dashboard/:datasetId/history, GET} route[39m[38;5;3m +0ms[39m
[32m[Nest] 36480  - [39m06/05/2026, 6:35:09 AM [32m    LOG[39m [38;5;3m[RoutesResolver] [39m[32mExportController {/export}:[39m[38;5;3m +0ms[39m
[32m[Nest] 36480  - [39m06/05/2026, 6:35:09 AM [32m    LOG[39m [38;5;3m[RouterExplorer] [39m[32mMapped {/export/:datasetId/csv, GET} route[39m[38;5;3m +0ms[39m
[32m[Nest] 36480  - [39m06/05/2026, 6:35:09 AM [32m    LOG[39m [38;5;3m[RouterExplorer] [39m[32mMapped {/export/:datasetId/excel, GET} route[39m[38;5;3m +1ms[39m
[32m[Nest] 36480  - [39m06/05/2026, 6:35:09 AM [32m    LOG[39m [38;5;3m[RoutesResolver] [39m[32mAdminUsersController {/admin/users}:[39m[38;5;3m +0ms[39m
[32m[Nest] 36480  - [39m06/05/2026, 6:35:09 AM [32m    LOG[39m [38;5;3m[RouterExplorer] [39m[32mMapped {/admin/users, GET} route[39m[38;5;3m +0ms[39m
[32m[Nest] 36480  - [39m06/05/2026, 6:35:09 AM [32m    LOG[39m [38;5;3m[RouterExplorer] [39m[32mMapped {/admin/users, POST} route[39m[38;5;3m +0ms[39m
[32m[Nest] 36480  - [39m06/05/2026, 6:35:09 AM [32m    LOG[39m [38;5;3m[RouterExplorer] [39m[32mMapped {/admin/users/:id, PUT} route[39m[38;5;3m +1ms[39m
[32m[Nest] 36480  - [39m06/05/2026, 6:35:09 AM [32m    LOG[39m [38;5;3m[RouterExplorer] [39m[32mMapped {/admin/users/:id/deactivate, POST} route[39m[38;5;3m +0ms[39m
[32m[Nest] 36480  - [39m06/05/2026, 6:35:09 AM [32m    LOG[39m [38;5;3m[RouterExplorer] [39m[32mMapped {/admin/users/:id/sessions, GET} route[39m[38;5;3m +0ms[39m
[32m[Nest] 36480  - [39m06/05/2026, 6:35:09 AM [32m    LOG[39m [38;5;3m[RouterExplorer] [39m[32mMapped {/admin/users/:id/sessions/:sid, DELETE} route[39m[38;5;3m +1ms[39m
[32m[Nest] 36480  - [39m06/05/2026, 6:35:09 AM [32m    LOG[39m [38;5;3m[RoutesResolver] [39m[32mAdminDatasetsController {/admin/datasets}:[39m[38;5;3m +0ms[39m
[32m[Nest] 36480  - [39m06/05/2026, 6:35:09 AM [32m    LOG[39m [38;5;3m[RouterExplorer] [39m[32mMapped {/admin/datasets, GET} route[39m[38;5;3m +0ms[39m
[32m[Nest] 36480  - [39m06/05/2026, 6:35:09 AM [32m    LOG[39m [38;5;3m[RouterExplorer] [39m[32mMapped {/admin/datasets, POST} route[39m[38;5;3m +0ms[39m
[32m[Nest] 36480  - [39m06/05/2026, 6:35:09 AM [32m    LOG[39m [38;5;3m[RouterExplorer] [39m[32mMapped {/admin/datasets/:id, PUT} route[39m[38;5;3m +0ms[39m
[32m[Nest] 36480  - [39m06/05/2026, 6:35:09 AM [32m    LOG[39m [38;5;3m[RouterExplorer] [39m[32mMapped {/admin/datasets/:id, DELETE} route[39m[38;5;3m +0ms[39m
[32m[Nest] 36480  - [39m06/05/2026, 6:35:09 AM [32m    LOG[39m [38;5;3m[RouterExplorer] [39m[32mMapped {/admin/datasets/validate-sql, POST} route[39m[38;5;3m +1ms[39m
[32m[Nest] 36480  - [39m06/05/2026, 6:35:09 AM [32m    LOG[39m [38;5;3m[RoutesResolver] [39m[32mAdminDatasourcesController {/admin/datasources}:[39m[38;5;3m +0ms[39m
[32m[Nest] 36480  - [39m06/05/2026, 6:35:09 AM [32m    LOG[39m [38;5;3m[RouterExplorer] [39m[32mMapped {/admin/datasources, GET} route[39m[38;5;3m +0ms[39m
[32m[Nest] 36480  - [39m06/05/2026, 6:35:09 AM [32m    LOG[39m [38;5;3m[RouterExplorer] [39m[32mMapped {/admin/datasources/:id, GET} route[39m[38;5;3m +0ms[39m
[32m[Nest] 36480  - [39m06/05/2026, 6:35:09 AM [32m    LOG[39m [38;5;3m[RouterExplorer] [39m[32mMapped {/admin/datasources, POST} route[39m[38;5;3m +0ms[39m
[32m[Nest] 36480  - [39m06/05/2026, 6:35:09 AM [32m    LOG[39m [38;5;3m[RouterExplorer] [39m[32mMapped {/admin/datasources/:id, PUT} route[39m[38;5;3m +1ms[39m
[32m[Nest] 36480  - [39m06/05/2026, 6:35:09 AM [32m    LOG[39m [38;5;3m[RouterExplorer] [39m[32mMapped {/admin/datasources/:id, DELETE} route[39m[38;5;3m +0ms[39m
[32m[Nest] 36480  - [39m06/05/2026, 6:35:09 AM [32m    LOG[39m [38;5;3m[RouterExplorer] [39m[32mMapped {/admin/datasources/test-connection, POST} route[39m[38;5;3m +0ms[39m
[32m[Nest] 36480  - [39m06/05/2026, 6:35:09 AM [32m    LOG[39m [38;5;3m[RoutesResolver] [39m[32mSettingsController {/admin/settings}:[39m[38;5;3m +0ms[39m
[32m[Nest] 36480  - [39m06/05/2026, 6:35:09 AM [32m    LOG[39m [38;5;3m[RouterExplorer] [39m[32mMapped {/admin/settings, GET} route[39m[38;5;3m +1ms[39m
[32m[Nest] 36480  - [39m06/05/2026, 6:35:09 AM [32m    LOG[39m [38;5;3m[RouterExplorer] [39m[32mMapped {/admin/settings, PUT} route[39m[38;5;3m +0ms[39m
[32m[Nest] 36480  - [39m06/05/2026, 6:35:09 AM [32m    LOG[39m [38;5;3m[RouterExplorer] [39m[32mMapped {/admin/settings/test-jerasoft, POST} route[39m[38;5;3m +0ms[39m
[32m[Nest] 36480  - [39m06/05/2026, 6:35:09 AM [32m    LOG[39m [38;5;3m[RouterExplorer] [39m[32mMapped {/admin/settings/test-graph, POST} route[39m[38;5;3m +0ms[39m
[32m[Nest] 36480  - [39m06/05/2026, 6:35:09 AM [32m    LOG[39m [38;5;3m[RouterExplorer] [39m[32mMapped {/admin/settings/test-teams, POST} route[39m[38;5;3m +0ms[39m
[32m[Nest] 36480  - [39m06/05/2026, 6:35:09 AM [32m    LOG[39m [38;5;3m[RouterExplorer] [39m[32mMapped {/admin/settings/rotate-key, POST} route[39m[38;5;3m +1ms[39m
[32m[Nest] 36480  - [39m06/05/2026, 6:35:09 AM [32m    LOG[39m [38;5;3m[RoutesResolver] [39m[32mAuditLogController {/admin/audit-log}:[39m[38;5;3m +0ms[39m
[32m[Nest] 36480  - [39m06/05/2026, 6:35:09 AM [32m    LOG[39m [38;5;3m[RouterExplorer] [39m[32mMapped {/admin/audit-log, GET} route[39m[38;5;3m +0ms[39m
[32m[Nest] 36480  - [39m06/05/2026, 6:35:09 AM [32m    LOG[39m [38;5;3m[RouterExplorer] [39m[32mMapped {/admin/audit-log/export, GET} route[39m[38;5;3m +0ms[39m
[32m[Nest] 36480  - [39m06/05/2026, 6:35:09 AM [32m    LOG[39m [38;5;3m[RoutesResolver] [39m[32mHealthController {/system}:[39m[38;5;3m +0ms[39m
[32m[Nest] 36480  - [39m06/05/2026, 6:35:09 AM [32m    LOG[39m [38;5;3m[RouterExplorer] [39m[32mMapped {/system/health, GET} route[39m[38;5;3m +0ms[39m
[32m[Nest] 36480  - [39m06/05/2026, 6:35:09 AM [32m    LOG[39m [38;5;3m[RoutesResolver] [39m[32mZamaniReportController {/reports/zamani}:[39m[38;5;3m +1ms[39m
[32m[Nest] 36480  - [39m06/05/2026, 6:35:09 AM [32m    LOG[39m [38;5;3m[RouterExplorer] [39m[32mMapped {/reports/zamani/filters, GET} route[39m[38;5;3m +0ms[39m
[32m[Nest] 36480  - [39m06/05/2026, 6:35:09 AM [32m    LOG[39m [38;5;3m[RouterExplorer] [39m[32mMapped {/reports/zamani/yesterday, GET} route[39m[38;5;3m +0ms[39m
[32m[Nest] 36480  - [39m06/05/2026, 6:35:09 AM [32m    LOG[39m [38;5;3m[RouterExplorer] [39m[32mMapped {/reports/zamani/comparison, GET} route[39m[38;5;3m +0ms[39m
[32m[Nest] 36480  - [39m06/05/2026, 6:35:09 AM [32m    LOG[39m [38;5;3m[RouterExplorer] [39m[32mMapped {/reports/zamani/mtd, GET} route[39m[38;5;3m +0ms[39m
[32m[Nest] 36480  - [39m06/05/2026, 6:35:09 AM [32m    LOG[39m [38;5;3m[RouterExplorer] [39m[32mMapped {/reports/zamani/projections, GET} route[39m[38;5;3m +0ms[39m
[32m[Nest] 36480  - [39m06/05/2026, 6:35:09 AM [32m    LOG[39m [38;5;3m[RouterExplorer] [39m[32mMapped {/reports/zamani/targets, GET} route[39m[38;5;3m +1ms[39m
[32m[Nest] 36480  - [39m06/05/2026, 6:35:09 AM [32m    LOG[39m [38;5;3m[RouterExplorer] [39m[32mMapped {/reports/zamani/targets, POST} route[39m[38;5;3m +0ms[39m
[32m[Nest] 36480  - [39m06/05/2026, 6:35:09 AM [32m    LOG[39m [38;5;3m[JerasoftService] [39m[32mJerasoft database connection established[39m
[32m[Nest] 36480  - [39m06/05/2026, 6:35:09 AM [32m    LOG[39m [38;5;3m[SchedulerService] [39m[32mLoading 3 active datasets for scheduling[39m
[32m[Nest] 36480  - [39m06/05/2026, 6:35:09 AM [32m    LOG[39m [38;5;3m[SchedulerService] [39m[32mScheduled dataset: Clients (*/45 * * * *)[39m
[32m[Nest] 36480  - [39m06/05/2026, 6:35:09 AM [32m    LOG[39m [38;5;3m[SchedulerService] [39m[32mScheduled dataset: Pre-Payment CL (0 */6 * * *)[39m
[32m[Nest] 36480  - [39m06/05/2026, 6:35:09 AM [32m    LOG[39m [38;5;3m[SchedulerService] [39m[32mScheduled dataset: Zamani Traffic (0 1 * * *)[39m
[32m[Nest] 36480  - [39m06/05/2026, 6:35:09 AM [32m    LOG[39m [38;5;3m[ConditionSchedulerService] [39m[32mRegistered 0 condition trigger job(s)[39m
[32m[Nest] 36480  - [39m06/05/2026, 6:35:09 AM [32m    LOG[39m [38;5;3m[NestApplication] [39m[32mNest application successfully started[39m[38;5;3m +16ms[39m
AMS Backend running on port 3001
[32m[Nest] 36480  - [39m06/05/2026, 6:35:11 AM [32m    LOG[39m [38;5;3m[EventsGateway] [39m[32mClient connected: _Nx46po2Sxj2cj98AAAB (user: admin@hayo.net)[39m
[2J[3J[H[[90m6:43:32 AM[0m] File change detected. Starting incremental compilation...

[[90m6:43:33 AM[0m] Found 0 errors. Watching for file changes.

[2J[3J[H[[90m6:43:36 AM[0m] File change detected. Starting incremental compilation...

[[90m6:43:37 AM[0m] Found 0 errors. Watching for file changes.

[2J[3J[H[[90m6:43:41 AM[0m] File change detected. Starting incremental compilation...

[32m[Nest] 39104  - [39m06/05/2026, 6:43:41 AM [32m    LOG[39m [38;5;3m[NestFactory] [39m[32mStarting Nest application...[39m
[32m[Nest] 39104  - [39m06/05/2026, 6:43:41 AM [32m    LOG[39m [38;5;3m[InstanceLoader] [39m[32mAppModule dependencies initialized[39m[38;5;3m +52ms[39m
[32m[Nest] 39104  - [39m06/05/2026, 6:43:41 AM [32m    LOG[39m [38;5;3m[InstanceLoader] [39m[32mTypeOrmModule dependencies initialized[39m[38;5;3m +0ms[39m
[32m[Nest] 39104  - [39m06/05/2026, 6:43:41 AM [32m    LOG[39m [38;5;3m[InstanceLoader] [39m[32mPassportModule dependencies initialized[39m[38;5;3m +0ms[39m
[32m[Nest] 39104  - [39m06/05/2026, 6:43:41 AM [32m    LOG[39m [38;5;3m[InstanceLoader] [39m[32mConfigHostModule dependencies initialized[39m[38;5;3m +1ms[39m
[32m[Nest] 39104  - [39m06/05/2026, 6:43:41 AM [32m    LOG[39m [38;5;3m[InstanceLoader] [39m[32mDiscoveryModule dependencies initialized[39m[38;5;3m +0ms[39m
[32m[Nest] 39104  - [39m06/05/2026, 6:43:41 AM [32m    LOG[39m [38;5;3m[InstanceLoader] [39m[32mConfigModule dependencies initialized[39m[38;5;3m +1ms[39m
[32m[Nest] 39104  - [39m06/05/2026, 6:43:41 AM [32m    LOG[39m [38;5;3m[InstanceLoader] [39m[32mConfigModule dependencies initialized[39m[38;5;3m +0ms[39m
[32m[Nest] 39104  - [39m06/05/2026, 6:43:41 AM [32m    LOG[39m [38;5;3m[InstanceLoader] [39m[32mScheduleModule dependencies initialized[39m[38;5;3m +1ms[39m
[32m[Nest] 39104  - [39m06/05/2026, 6:43:41 AM [32m    LOG[39m [38;5;3m[InstanceLoader] [39m[32mJerasoftModule dependencies initialized[39m[38;5;3m +24ms[39m
[32m[Nest] 39104  - [39m06/05/2026, 6:43:41 AM [32m    LOG[39m [38;5;3m[InstanceLoader] [39m[32mCredentialsModule dependencies initialized[39m[38;5;3m +1ms[39m
[32m[Nest] 39104  - [39m06/05/2026, 6:43:41 AM [32m    LOG[39m [38;5;3m[InstanceLoader] [39m[32mJwtModule dependencies initialized[39m[38;5;3m +0ms[39m
[32m[Nest] 39104  - [39m06/05/2026, 6:43:41 AM [32m    LOG[39m [38;5;3m[InstanceLoader] [39m[32mWebsocketModule dependencies initialized[39m[38;5;3m +0ms[39m
[32m[Nest] 39104  - [39m06/05/2026, 6:43:41 AM [32m    LOG[39m [38;5;3m[InstanceLoader] [39m[32mTypeOrmCoreModule dependencies initialized[39m[38;5;3m +146ms[39m
[32m[Nest] 39104  - [39m06/05/2026, 6:43:41 AM [32m    LOG[39m [38;5;3m[InstanceLoader] [39m[32mTypeOrmModule dependencies initialized[39m[38;5;3m +1ms[39m
[32m[Nest] 39104  - [39m06/05/2026, 6:43:41 AM [32m    LOG[39m [38;5;3m[InstanceLoader] [39m[32mTypeOrmModule dependencies initialized[39m[38;5;3m +0ms[39m
[32m[Nest] 39104  - [39m06/05/2026, 6:43:41 AM [32m    LOG[39m [38;5;3m[InstanceLoader] [39m[32mTypeOrmModule dependencies initialized[39m[38;5;3m +0ms[39m
[32m[Nest] 39104  - [39m06/05/2026, 6:43:41 AM [32m    LOG[39m [38;5;3m[InstanceLoader] [39m[32mTypeOrmModule dependencies initialized[39m[38;5;3m +0ms[39m
[32m[Nest] 39104  - [39m06/05/2026, 6:43:41 AM [32m    LOG[39m [38;5;3m[InstanceLoader] [39m[32mTypeOrmModule dependencies initialized[39m[38;5;3m +0ms[39m
[32m[Nest] 39104  - [39m06/05/2026, 6:43:41 AM [32m    LOG[39m [38;5;3m[InstanceLoader] [39m[32mTypeOrmModule dependencies initialized[39m[38;5;3m +0ms[39m
[32m[Nest] 39104  - [39m06/05/2026, 6:43:41 AM [32m    LOG[39m [38;5;3m[InstanceLoader] [39m[32mTypeOrmModule dependencies initialized[39m[38;5;3m +0ms[39m
[32m[Nest] 39104  - [39m06/05/2026, 6:43:41 AM [32m    LOG[39m [38;5;3m[InstanceLoader] [39m[32mTypeOrmModule dependencies initialized[39m[38;5;3m +0ms[39m
[32m[Nest] 39104  - [39m06/05/2026, 6:43:41 AM [32m    LOG[39m [38;5;3m[InstanceLoader] [39m[32mTypeOrmModule dependencies initialized[39m[38;5;3m +0ms[39m
[32m[Nest] 39104  - [39m06/05/2026, 6:43:41 AM [32m    LOG[39m [38;5;3m[InstanceLoader] [39m[32mTypeOrmModule dependencies initialized[39m[38;5;3m +0ms[39m
[32m[Nest] 39104  - [39m06/05/2026, 6:43:41 AM [32m    LOG[39m [38;5;3m[InstanceLoader] [39m[32mTypeOrmModule dependencies initialized[39m[38;5;3m +0ms[39m
[32m[Nest] 39104  - [39m06/05/2026, 6:43:41 AM [32m    LOG[39m [38;5;3m[InstanceLoader] [39m[32mAuditModule dependencies initialized[39m[38;5;3m +3ms[39m
[32m[Nest] 39104  - [39m06/05/2026, 6:43:41 AM [32m    LOG[39m [38;5;3m[InstanceLoader] [39m[32mExternalDatasourcesModule dependencies initialized[39m[38;5;3m +0ms[39m
[32m[Nest] 39104  - [39m06/05/2026, 6:43:41 AM [32m    LOG[39m [38;5;3m[InstanceLoader] [39m[32mSystemModule dependencies initialized[39m[38;5;3m +3ms[39m
[32m[Nest] 39104  - [39m06/05/2026, 6:43:41 AM [32m    LOG[39m [38;5;3m[InstanceLoader] [39m[32mDatasetsModule dependencies initialized[39m[38;5;3m +0ms[39m
[32m[Nest] 39104  - [39m06/05/2026, 6:43:41 AM [32m    LOG[39m [38;5;3m[InstanceLoader] [39m[32mStageModule dependencies initialized[39m[38;5;3m +1ms[39m
[32m[Nest] 39104  - [39m06/05/2026, 6:43:41 AM [32m    LOG[39m [38;5;3m[InstanceLoader] [39m[32mAuditLogModule dependencies initialized[39m[38;5;3m +5ms[39m
[32m[Nest] 39104  - [39m06/05/2026, 6:43:41 AM [32m    LOG[39m [38;5;3m[InstanceLoader] [39m[32mZamaniReportModule dependencies initialized[39m[38;5;3m +0ms[39m
[32m[Nest] 39104  - [39m06/05/2026, 6:43:41 AM [32m    LOG[39m [38;5;3m[InstanceLoader] [39m[32mExportModule dependencies initialized[39m[38;5;3m +1ms[39m
[32m[Nest] 39104  - [39m06/05/2026, 6:43:41 AM [32m    LOG[39m [38;5;3m[InstanceLoader] [39m[32mDashboardModule dependencies initialized[39m[38;5;3m +0ms[39m
[32m[Nest] 39104  - [39m06/05/2026, 6:43:41 AM [32m    LOG[39m [38;5;3m[InstanceLoader] [39m[32mAuthModule dependencies initialized[39m[38;5;3m +0ms[39m
[32m[Nest] 39104  - [39m06/05/2026, 6:43:41 AM [32m    LOG[39m [38;5;3m[InstanceLoader] [39m[32mNotificationsModule dependencies initialized[39m[38;5;3m +1ms[39m
[32m[Nest] 39104  - [39m06/05/2026, 6:43:41 AM [32m    LOG[39m [38;5;3m[InstanceLoader] [39m[32mAdminDatasourcesModule dependencies initialized[39m[38;5;3m +0ms[39m
[32m[Nest] 39104  - [39m06/05/2026, 6:43:41 AM [32m    LOG[39m [38;5;3m[InstanceLoader] [39m[32mAdminUsersModule dependencies initialized[39m[38;5;3m +0ms[39m
[32m[Nest] 39104  - [39m06/05/2026, 6:43:41 AM [32m    LOG[39m [38;5;3m[InstanceLoader] [39m[32mSettingsModule dependencies initialized[39m[38;5;3m +0ms[39m
[32m[Nest] 39104  - [39m06/05/2026, 6:43:41 AM [32m    LOG[39m [38;5;3m[InstanceLoader] [39m[32mSchedulerModule dependencies initialized[39m[38;5;3m +1ms[39m
[32m[Nest] 39104  - [39m06/05/2026, 6:43:41 AM [32m    LOG[39m [38;5;3m[InstanceLoader] [39m[32mAdminDatasetsModule dependencies initialized[39m[38;5;3m +0ms[39m
[32m[Nest] 39104  - [39m06/05/2026, 6:43:41 AM [32m    LOG[39m [38;5;3m[InstanceLoader] [39m[32mConditionsModule dependencies initialized[39m[38;5;3m +0ms[39m
[[90m6:43:41 AM[0m] Found 0 errors. Watching for file changes.

[32m[Nest] 39104  - [39m06/05/2026, 6:43:41 AM [32m    LOG[39m [38;5;3m[EventsGateway] [39m[32mWebSocket Gateway initialized[39m
[32m[Nest] 39104  - [39m06/05/2026, 6:43:41 AM [32m    LOG[39m [38;5;3m[WebSocketsController] [39m[32mEventsGateway subscribed to the "subscribe:dataset" message[39m[38;5;3m +0ms[39m
[32m[Nest] 39104  - [39m06/05/2026, 6:43:41 AM [32m    LOG[39m [38;5;3m[WebSocketsController] [39m[32mEventsGateway subscribed to the "unsubscribe:dataset" message[39m[38;5;3m +1ms[39m
[32m[Nest] 39104  - [39m06/05/2026, 6:43:41 AM [32m    LOG[39m [38;5;3m[RoutesResolver] [39m[32mAuthController {/auth}:[39m[38;5;3m +2ms[39m
[32m[Nest] 39104  - [39m06/05/2026, 6:43:41 AM [32m    LOG[39m [38;5;3m[RouterExplorer] [39m[32mMapped {/auth/login, POST} route[39m[38;5;3m +3ms[39m
[32m[Nest] 39104  - [39m06/05/2026, 6:43:41 AM [32m    LOG[39m [38;5;3m[RouterExplorer] [39m[32mMapped {/auth/refresh, POST} route[39m[38;5;3m +3ms[39m
[32m[Nest] 39104  - [39m06/05/2026, 6:43:41 AM [32m    LOG[39m [38;5;3m[RouterExplorer] [39m[32mMapped {/auth/logout, POST} route[39m[38;5;3m +1ms[39m
[32m[Nest] 39104  - [39m06/05/2026, 6:43:41 AM [32m    LOG[39m [38;5;3m[RouterExplorer] [39m[32mMapped {/auth/change-password, POST} route[39m[38;5;3m +0ms[39m
[32m[Nest] 39104  - [39m06/05/2026, 6:43:41 AM [32m    LOG[39m [38;5;3m[RoutesResolver] [39m[32mSchedulesController {/schedules}:[39m[38;5;3m +0ms[39m
[32m[Nest] 39104  - [39m06/05/2026, 6:43:41 AM [32m    LOG[39m [38;5;3m[RouterExplorer] [39m[32mMapped {/schedules, GET} route[39m[38;5;3m +1ms[39m
[32m[Nest] 39104  - [39m06/05/2026, 6:43:41 AM [32m    LOG[39m [38;5;3m[RouterExplorer] [39m[32mMapped {/schedules/:datasetId, PUT} route[39m[38;5;3m +1ms[39m
[32m[Nest] 39104  - [39m06/05/2026, 6:43:41 AM [32m    LOG[39m [38;5;3m[RouterExplorer] [39m[32mMapped {/schedules/:datasetId/trigger, POST} route[39m[38;5;3m +0ms[39m
[32m[Nest] 39104  - [39m06/05/2026, 6:43:41 AM [32m    LOG[39m [38;5;3m[RoutesResolver] [39m[32mConditionsController {/conditions}:[39m[38;5;3m +0ms[39m
[32m[Nest] 39104  - [39m06/05/2026, 6:43:41 AM [32m    LOG[39m [38;5;3m[RouterExplorer] [39m[32mMapped {/conditions, GET} route[39m[38;5;3m +1ms[39m
[32m[Nest] 39104  - [39m06/05/2026, 6:43:41 AM [32m    LOG[39m [38;5;3m[RouterExplorer] [39m[32mMapped {/conditions, POST} route[39m[38;5;3m +1ms[39m
[32m[Nest] 39104  - [39m06/05/2026, 6:43:41 AM [32m    LOG[39m [38;5;3m[RouterExplorer] [39m[32mMapped {/conditions/:id, PUT} route[39m[38;5;3m +0ms[39m
[32m[Nest] 39104  - [39m06/05/2026, 6:43:41 AM [32m    LOG[39m [38;5;3m[RouterExplorer] [39m[32mMapped {/conditions/:id, DELETE} route[39m[38;5;3m +1ms[39m
[32m[Nest] 39104  - [39m06/05/2026, 6:43:41 AM [32m    LOG[39m [38;5;3m[RouterExplorer] [39m[32mMapped {/conditions/test-notify-preview, POST} route[39m[38;5;3m +0ms[39m
[32m[Nest] 39104  - [39m06/05/2026, 6:43:41 AM [32m    LOG[39m [38;5;3m[RouterExplorer] [39m[32mMapped {/conditions/:id/preview, POST} route[39m[38;5;3m +1ms[39m
[32m[Nest] 39104  - [39m06/05/2026, 6:43:41 AM [32m    LOG[39m [38;5;3m[RouterExplorer] [39m[32mMapped {/conditions/:id/trigger-now, POST} route[39m[38;5;3m +0ms[39m
[32m[Nest] 39104  - [39m06/05/2026, 6:43:41 AM [32m    LOG[39m [38;5;3m[RouterExplorer] [39m[32mMapped {/conditions/:id/test-notify, POST} route[39m[38;5;3m +0ms[39m
[32m[Nest] 39104  - [39m06/05/2026, 6:43:41 AM [32m    LOG[39m [38;5;3m[RoutesResolver] [39m[32mNotificationsController {/notifications}:[39m[38;5;3m +0ms[39m
[32m[Nest] 39104  - [39m06/05/2026, 6:43:41 AM [32m    LOG[39m [38;5;3m[RouterExplorer] [39m[32mMapped {/notifications, GET} route[39m[38;5;3m +1ms[39m
[32m[Nest] 39104  - [39m06/05/2026, 6:43:41 AM [32m    LOG[39m [38;5;3m[RouterExplorer] [39m[32mMapped {/notifications/:id/retry, POST} route[39m[38;5;3m +0ms[39m
[32m[Nest] 39104  - [39m06/05/2026, 6:43:41 AM [32m    LOG[39m [38;5;3m[RoutesResolver] [39m[32mDashboardController {/dashboard}:[39m[38;5;3m +0ms[39m
[32m[Nest] 39104  - [39m06/05/2026, 6:43:41 AM [32m    LOG[39m [38;5;3m[RouterExplorer] [39m[32mMapped {/dashboard/datasets, GET} route[39m[38;5;3m +0ms[39m
[32m[Nest] 39104  - [39m06/05/2026, 6:43:41 AM [32m    LOG[39m [38;5;3m[RouterExplorer] [39m[32mMapped {/dashboard/:datasetId/data, GET} route[39m[38;5;3m +1ms[39m
[32m[Nest] 39104  - [39m06/05/2026, 6:43:41 AM [32m    LOG[39m [38;5;3m[RouterExplorer] [39m[32mMapped {/dashboard/:datasetId/matrix, GET} route[39m[38;5;3m +0ms[39m
[32m[Nest] 39104  - [39m06/05/2026, 6:43:41 AM [32m    LOG[39m [38;5;3m[RouterExplorer] [39m[32mMapped {/dashboard/:datasetId/refresh, POST} route[39m[38;5;3m +0ms[39m
[32m[Nest] 39104  - [39m06/05/2026, 6:43:41 AM [32m    LOG[39m [38;5;3m[RouterExplorer] [39m[32mMapped {/dashboard/:datasetId/history, GET} route[39m[38;5;3m +1ms[39m
[32m[Nest] 39104  - [39m06/05/2026, 6:43:41 AM [32m    LOG[39m [38;5;3m[RoutesResolver] [39m[32mExportController {/export}:[39m[38;5;3m +0ms[39m
[32m[Nest] 39104  - [39m06/05/2026, 6:43:41 AM [32m    LOG[39m [38;5;3m[RouterExplorer] [39m[32mMapped {/export/:datasetId/csv, GET} route[39m[38;5;3m +0ms[39m
[32m[Nest] 39104  - [39m06/05/2026, 6:43:41 AM [32m    LOG[39m [38;5;3m[RouterExplorer] [39m[32mMapped {/export/:datasetId/excel, GET} route[39m[38;5;3m +1ms[39m
[32m[Nest] 39104  - [39m06/05/2026, 6:43:41 AM [32m    LOG[39m [38;5;3m[RoutesResolver] [39m[32mAdminUsersController {/admin/users}:[39m[38;5;3m +0ms[39m
[32m[Nest] 39104  - [39m06/05/2026, 6:43:41 AM [32m    LOG[39m [38;5;3m[RouterExplorer] [39m[32mMapped {/admin/users, GET} route[39m[38;5;3m +0ms[39m
[32m[Nest] 39104  - [39m06/05/2026, 6:43:41 AM [32m    LOG[39m [38;5;3m[RouterExplorer] [39m[32mMapped {/admin/users, POST} route[39m[38;5;3m +1ms[39m
[32m[Nest] 39104  - [39m06/05/2026, 6:43:41 AM [32m    LOG[39m [38;5;3m[RouterExplorer] [39m[32mMapped {/admin/users/:id, PUT} route[39m[38;5;3m +1ms[39m
[32m[Nest] 39104  - [39m06/05/2026, 6:43:41 AM [32m    LOG[39m [38;5;3m[RouterExplorer] [39m[32mMapped {/admin/users/:id/deactivate, POST} route[39m[38;5;3m +0ms[39m
[32m[Nest] 39104  - [39m06/05/2026, 6:43:41 AM [32m    LOG[39m [38;5;3m[RouterExplorer] [39m[32mMapped {/admin/users/:id/sessions, GET} route[39m[38;5;3m +0ms[39m
[32m[Nest] 39104  - [39m06/05/2026, 6:43:41 AM [32m    LOG[39m [38;5;3m[RouterExplorer] [39m[32mMapped {/admin/users/:id/sessions/:sid, DELETE} route[39m[38;5;3m +1ms[39m
[32m[Nest] 39104  - [39m06/05/2026, 6:43:41 AM [32m    LOG[39m [38;5;3m[RoutesResolver] [39m[32mAdminDatasetsController {/admin/datasets}:[39m[38;5;3m +0ms[39m
[32m[Nest] 39104  - [39m06/05/2026, 6:43:41 AM [32m    LOG[39m [38;5;3m[RouterExplorer] [39m[32mMapped {/admin/datasets, GET} route[39m[38;5;3m +0ms[39m
[32m[Nest] 39104  - [39m06/05/2026, 6:43:41 AM [32m    LOG[39m [38;5;3m[RouterExplorer] [39m[32mMapped {/admin/datasets, POST} route[39m[38;5;3m +1ms[39m
[32m[Nest] 39104  - [39m06/05/2026, 6:43:41 AM [32m    LOG[39m [38;5;3m[RouterExplorer] [39m[32mMapped {/admin/datasets/:id, PUT} route[39m[38;5;3m +0ms[39m
[32m[Nest] 39104  - [39m06/05/2026, 6:43:41 AM [32m    LOG[39m [38;5;3m[RouterExplorer] [39m[32mMapped {/admin/datasets/:id, DELETE} route[39m[38;5;3m +0ms[39m
[32m[Nest] 39104  - [39m06/05/2026, 6:43:41 AM [32m    LOG[39m [38;5;3m[RouterExplorer] [39m[32mMapped {/admin/datasets/validate-sql, POST} route[39m[38;5;3m +0ms[39m
[32m[Nest] 39104  - [39m06/05/2026, 6:43:41 AM [32m    LOG[39m [38;5;3m[RoutesResolver] [39m[32mAdminDatasourcesController {/admin/datasources}:[39m[38;5;3m +0ms[39m
[32m[Nest] 39104  - [39m06/05/2026, 6:43:41 AM [32m    LOG[39m [38;5;3m[RouterExplorer] [39m[32mMapped {/admin/datasources, GET} route[39m[38;5;3m +1ms[39m
[32m[Nest] 39104  - [39m06/05/2026, 6:43:41 AM [32m    LOG[39m [38;5;3m[RouterExplorer] [39m[32mMapped {/admin/datasources/:id, GET} route[39m[38;5;3m +0ms[39m
[32m[Nest] 39104  - [39m06/05/2026, 6:43:41 AM [32m    LOG[39m [38;5;3m[RouterExplorer] [39m[32mMapped {/admin/datasources, POST} route[39m[38;5;3m +0ms[39m
[32m[Nest] 39104  - [39m06/05/2026, 6:43:41 AM [32m    LOG[39m [38;5;3m[RouterExplorer] [39m[32mMapped {/admin/datasources/:id, PUT} route[39m[38;5;3m +1ms[39m
[32m[Nest] 39104  - [39m06/05/2026, 6:43:41 AM [32m    LOG[39m [38;5;3m[RouterExplorer] [39m[32mMapped {/admin/datasources/:id, DELETE} route[39m[38;5;3m +0ms[39m
[32m[Nest] 39104  - [39m06/05/2026, 6:43:41 AM [32m    LOG[39m [38;5;3m[RouterExplorer] [39m[32mMapped {/admin/datasources/test-connection, POST} route[39m[38;5;3m +0ms[39m
[32m[Nest] 39104  - [39m06/05/2026, 6:43:41 AM [32m    LOG[39m [38;5;3m[RoutesResolver] [39m[32mSettingsController {/admin/settings}:[39m[38;5;3m +0ms[39m
[32m[Nest] 39104  - [39m06/05/2026, 6:43:41 AM [32m    LOG[39m [38;5;3m[RouterExplorer] [39m[32mMapped {/admin/settings, GET} route[39m[38;5;3m +1ms[39m
[32m[Nest] 39104  - [39m06/05/2026, 6:43:41 AM [32m    LOG[39m [38;5;3m[RouterExplorer] [39m[32mMapped {/admin/settings, PUT} route[39m[38;5;3m +0ms[39m
[32m[Nest] 39104  - [39m06/05/2026, 6:43:41 AM [32m    LOG[39m [38;5;3m[RouterExplorer] [39m[32mMapped {/admin/settings/test-jerasoft, POST} route[39m[38;5;3m +0ms[39m
[32m[Nest] 39104  - [39m06/05/2026, 6:43:41 AM [32m    LOG[39m [38;5;3m[RouterExplorer] [39m[32mMapped {/admin/settings/test-graph, POST} route[39m[38;5;3m +0ms[39m
[32m[Nest] 39104  - [39m06/05/2026, 6:43:41 AM [32m    LOG[39m [38;5;3m[RouterExplorer] [39m[32mMapped {/admin/settings/test-teams, POST} route[39m[38;5;3m +0ms[39m
[32m[Nest] 39104  - [39m06/05/2026, 6:43:41 AM [32m    LOG[39m [38;5;3m[RouterExplorer] [39m[32mMapped {/admin/settings/rotate-key, POST} route[39m[38;5;3m +1ms[39m
[32m[Nest] 39104  - [39m06/05/2026, 6:43:41 AM [32m    LOG[39m [38;5;3m[RoutesResolver] [39m[32mAuditLogController {/admin/audit-log}:[39m[38;5;3m +0ms[39m
[32m[Nest] 39104  - [39m06/05/2026, 6:43:41 AM [32m    LOG[39m [38;5;3m[RouterExplorer] [39m[32mMapped {/admin/audit-log, GET} route[39m[38;5;3m +0ms[39m
[32m[Nest] 39104  - [39m06/05/2026, 6:43:41 AM [32m    LOG[39m [38;5;3m[RouterExplorer] [39m[32mMapped {/admin/audit-log/export, GET} route[39m[38;5;3m +0ms[39m
[32m[Nest] 39104  - [39m06/05/2026, 6:43:41 AM [32m    LOG[39m [38;5;3m[RoutesResolver] [39m[32mHealthController {/system}:[39m[38;5;3m +0ms[39m
[32m[Nest] 39104  - [39m06/05/2026, 6:43:41 AM [32m    LOG[39m [38;5;3m[RouterExplorer] [39m[32mMapped {/system/health, GET} route[39m[38;5;3m +1ms[39m
[32m[Nest] 39104  - [39m06/05/2026, 6:43:41 AM [32m    LOG[39m [38;5;3m[RoutesResolver] [39m[32mZamaniReportController {/reports/zamani}:[39m[38;5;3m +0ms[39m
[32m[Nest] 39104  - [39m06/05/2026, 6:43:41 AM [32m    LOG[39m [38;5;3m[RouterExplorer] [39m[32mMapped {/reports/zamani/filters, GET} route[39m[38;5;3m +0ms[39m
[32m[Nest] 39104  - [39m06/05/2026, 6:43:41 AM [32m    LOG[39m [38;5;3m[RouterExplorer] [39m[32mMapped {/reports/zamani/yesterday, GET} route[39m[38;5;3m +0ms[39m
[32m[Nest] 39104  - [39m06/05/2026, 6:43:41 AM [32m    LOG[39m [38;5;3m[RouterExplorer] [39m[32mMapped {/reports/zamani/comparison, GET} route[39m[38;5;3m +0ms[39m
[32m[Nest] 39104  - [39m06/05/2026, 6:43:41 AM [32m    LOG[39m [38;5;3m[RouterExplorer] [39m[32mMapped {/reports/zamani/mtd, GET} route[39m[38;5;3m +1ms[39m
[32m[Nest] 39104  - [39m06/05/2026, 6:43:41 AM [32m    LOG[39m [38;5;3m[RouterExplorer] [39m[32mMapped {/reports/zamani/projections, GET} route[39m[38;5;3m +0ms[39m
[32m[Nest] 39104  - [39m06/05/2026, 6:43:41 AM [32m    LOG[39m [38;5;3m[RouterExplorer] [39m[32mMapped {/reports/zamani/targets, GET} route[39m[38;5;3m +0ms[39m
[32m[Nest] 39104  - [39m06/05/2026, 6:43:41 AM [32m    LOG[39m [38;5;3m[RouterExplorer] [39m[32mMapped {/reports/zamani/targets, POST} route[39m[38;5;3m +0ms[39m
[32m[Nest] 39104  - [39m06/05/2026, 6:43:41 AM [32m    LOG[39m [38;5;3m[JerasoftService] [39m[32mJerasoft database connection established[39m
[32m[Nest] 39104  - [39m06/05/2026, 6:43:41 AM [32m    LOG[39m [38;5;3m[SchedulerService] [39m[32mLoading 3 active datasets for scheduling[39m
[32m[Nest] 39104  - [39m06/05/2026, 6:43:41 AM [32m    LOG[39m [38;5;3m[SchedulerService] [39m[32mScheduled dataset: Clients (*/45 * * * *)[39m
[32m[Nest] 39104  - [39m06/05/2026, 6:43:41 AM [32m    LOG[39m [38;5;3m[SchedulerService] [39m[32mScheduled dataset: Pre-Payment CL (0 */6 * * *)[39m
[32m[Nest] 39104  - [39m06/05/2026, 6:43:41 AM [32m    LOG[39m [38;5;3m[SchedulerService] [39m[32mScheduled dataset: Zamani Traffic (0 1 * * *)[39m
[32m[Nest] 39104  - [39m06/05/2026, 6:43:41 AM [32m    LOG[39m [38;5;3m[ConditionSchedulerService] [39m[32mRegistered 0 condition trigger job(s)[39m
[32m[Nest] 39104  - [39m06/05/2026, 6:43:41 AM [32m    LOG[39m [38;5;3m[NestApplication] [39m[32mNest application successfully started[39m[38;5;3m +17ms[39m
AMS Backend running on port 3001
[32m[Nest] 35424  - [39m06/05/2026, 6:43:45 AM [32m    LOG[39m [38;5;3m[NestFactory] [39m[32mStarting Nest application...[39m
[32m[Nest] 35424  - [39m06/05/2026, 6:43:45 AM [32m    LOG[39m [38;5;3m[InstanceLoader] [39m[32mAppModule dependencies initialized[39m[38;5;3m +57ms[39m
[32m[Nest] 35424  - [39m06/05/2026, 6:43:45 AM [32m    LOG[39m [38;5;3m[InstanceLoader] [39m[32mTypeOrmModule dependencies initialized[39m[38;5;3m +0ms[39m
[32m[Nest] 35424  - [39m06/05/2026, 6:43:45 AM [32m    LOG[39m [38;5;3m[InstanceLoader] [39m[32mPassportModule dependencies initialized[39m[38;5;3m +0ms[39m
[32m[Nest] 35424  - [39m06/05/2026, 6:43:45 AM [32m    LOG[39m [38;5;3m[InstanceLoader] [39m[32mConfigHostModule dependencies initialized[39m[38;5;3m +1ms[39m
[32m[Nest] 35424  - [39m06/05/2026, 6:43:45 AM [32m    LOG[39m [38;5;3m[InstanceLoader] [39m[32mDiscoveryModule dependencies initialized[39m[38;5;3m +0ms[39m
[32m[Nest] 35424  - [39m06/05/2026, 6:43:45 AM [32m    LOG[39m [38;5;3m[InstanceLoader] [39m[32mConfigModule dependencies initialized[39m[38;5;3m +0ms[39m
[32m[Nest] 35424  - [39m06/05/2026, 6:43:45 AM [32m    LOG[39m [38;5;3m[InstanceLoader] [39m[32mConfigModule dependencies initialized[39m[38;5;3m +1ms[39m
[32m[Nest] 35424  - [39m06/05/2026, 6:43:45 AM [32m    LOG[39m [38;5;3m[InstanceLoader] [39m[32mScheduleModule dependencies initialized[39m[38;5;3m +1ms[39m
[32m[Nest] 35424  - [39m06/05/2026, 6:43:45 AM [32m    LOG[39m [38;5;3m[InstanceLoader] [39m[32mJerasoftModule dependencies initialized[39m[38;5;3m +21ms[39m
[32m[Nest] 35424  - [39m06/05/2026, 6:43:45 AM [32m    LOG[39m [38;5;3m[InstanceLoader] [39m[32mCredentialsModule dependencies initialized[39m[38;5;3m +1ms[39m
[32m[Nest] 35424  - [39m06/05/2026, 6:43:45 AM [32m    LOG[39m [38;5;3m[InstanceLoader] [39m[32mJwtModule dependencies initialized[39m[38;5;3m +0ms[39m
[32m[Nest] 35424  - [39m06/05/2026, 6:43:45 AM [32m    LOG[39m [38;5;3m[InstanceLoader] [39m[32mWebsocketModule dependencies initialized[39m[38;5;3m +0ms[39m
[32m[Nest] 35424  - [39m06/05/2026, 6:43:45 AM [32m    LOG[39m [38;5;3m[InstanceLoader] [39m[32mTypeOrmCoreModule dependencies initialized[39m[38;5;3m +147ms[39m
[32m[Nest] 35424  - [39m06/05/2026, 6:43:45 AM [32m    LOG[39m [38;5;3m[InstanceLoader] [39m[32mTypeOrmModule dependencies initialized[39m[38;5;3m +1ms[39m
[32m[Nest] 35424  - [39m06/05/2026, 6:43:45 AM [32m    LOG[39m [38;5;3m[InstanceLoader] [39m[32mTypeOrmModule dependencies initialized[39m[38;5;3m +0ms[39m
[32m[Nest] 35424  - [39m06/05/2026, 6:43:45 AM [32m    LOG[39m [38;5;3m[InstanceLoader] [39m[32mTypeOrmModule dependencies initialized[39m[38;5;3m +0ms[39m
[32m[Nest] 35424  - [39m06/05/2026, 6:43:45 AM [32m    LOG[39m [38;5;3m[InstanceLoader] [39m[32mTypeOrmModule dependencies initialized[39m[38;5;3m +0ms[39m
[32m[Nest] 35424  - [39m06/05/2026, 6:43:45 AM [32m    LOG[39m [38;5;3m[InstanceLoader] [39m[32mTypeOrmModule dependencies initialized[39m[38;5;3m +1ms[39m
[32m[Nest] 35424  - [39m06/05/2026, 6:43:45 AM [32m    LOG[39m [38;5;3m[InstanceLoader] [39m[32mTypeOrmModule dependencies initialized[39m[38;5;3m +0ms[39m
[32m[Nest] 35424  - [39m06/05/2026, 6:43:45 AM [32m    LOG[39m [38;5;3m[InstanceLoader] [39m[32mTypeOrmModule dependencies initialized[39m[38;5;3m +0ms[39m
[32m[Nest] 35424  - [39m06/05/2026, 6:43:45 AM [32m    LOG[39m [38;5;3m[InstanceLoader] [39m[32mTypeOrmModule dependencies initialized[39m[38;5;3m +0ms[39m
[32m[Nest] 35424  - [39m06/05/2026, 6:43:45 AM [32m    LOG[39m [38;5;3m[InstanceLoader] [39m[32mTypeOrmModule dependencies initialized[39m[38;5;3m +0ms[39m
[32m[Nest] 35424  - [39m06/05/2026, 6:43:45 AM [32m    LOG[39m [38;5;3m[InstanceLoader] [39m[32mTypeOrmModule dependencies initialized[39m[38;5;3m +0ms[39m
[32m[Nest] 35424  - [39m06/05/2026, 6:43:45 AM [32m    LOG[39m [38;5;3m[InstanceLoader] [39m[32mTypeOrmModule dependencies initialized[39m[38;5;3m +0ms[39m
[32m[Nest] 35424  - [39m06/05/2026, 6:43:45 AM [32m    LOG[39m [38;5;3m[InstanceLoader] [39m[32mAuditModule dependencies initialized[39m[38;5;3m +2ms[39m
[32m[Nest] 35424  - [39m06/05/2026, 6:43:45 AM [32m    LOG[39m [38;5;3m[InstanceLoader] [39m[32mExternalDatasourcesModule dependencies initialized[39m[38;5;3m +0ms[39m
[32m[Nest] 35424  - [39m06/05/2026, 6:43:45 AM [32m    LOG[39m [38;5;3m[InstanceLoader] [39m[32mSystemModule dependencies initialized[39m[38;5;3m +2ms[39m
[32m[Nest] 35424  - [39m06/05/2026, 6:43:45 AM [32m    LOG[39m [38;5;3m[InstanceLoader] [39m[32mDatasetsModule dependencies initialized[39m[38;5;3m +1ms[39m
[32m[Nest] 35424  - [39m06/05/2026, 6:43:45 AM [32m    LOG[39m [38;5;3m[InstanceLoader] [39m[32mStageModule dependencies initialized[39m[38;5;3m +0ms[39m
[32m[Nest] 35424  - [39m06/05/2026, 6:43:45 AM [32m    LOG[39m [38;5;3m[InstanceLoader] [39m[32mAuditLogModule dependencies initialized[39m[38;5;3m +4ms[39m
[32m[Nest] 35424  - [39m06/05/2026, 6:43:45 AM [32m    LOG[39m [38;5;3m[InstanceLoader] [39m[32mZamaniReportModule dependencies initialized[39m[38;5;3m +0ms[39m
[32m[Nest] 35424  - [39m06/05/2026, 6:43:45 AM [32m    LOG[39m [38;5;3m[InstanceLoader] [39m[32mExportModule dependencies initialized[39m[38;5;3m +0ms[39m
[32m[Nest] 35424  - [39m06/05/2026, 6:43:45 AM [32m    LOG[39m [38;5;3m[InstanceLoader] [39m[32mDashboardModule dependencies initialized[39m[38;5;3m +0ms[39m
[32m[Nest] 35424  - [39m06/05/2026, 6:43:45 AM [32m    LOG[39m [38;5;3m[InstanceLoader] [39m[32mAuthModule dependencies initialized[39m[38;5;3m +1ms[39m
[32m[Nest] 35424  - [39m06/05/2026, 6:43:45 AM [32m    LOG[39m [38;5;3m[InstanceLoader] [39m[32mNotificationsModule dependencies initialized[39m[38;5;3m +0ms[39m
[32m[Nest] 35424  - [39m06/05/2026, 6:43:45 AM [32m    LOG[39m [38;5;3m[InstanceLoader] [39m[32mAdminDatasourcesModule dependencies initialized[39m[38;5;3m +0ms[39m
[32m[Nest] 35424  - [39m06/05/2026, 6:43:45 AM [32m    LOG[39m [38;5;3m[InstanceLoader] [39m[32mAdminUsersModule dependencies initialized[39m[38;5;3m +0ms[39m
[32m[Nest] 35424  - [39m06/05/2026, 6:43:45 AM [32m    LOG[39m [38;5;3m[InstanceLoader] [39m[32mSettingsModule dependencies initialized[39m[38;5;3m +1ms[39m
[32m[Nest] 35424  - [39m06/05/2026, 6:43:45 AM [32m    LOG[39m [38;5;3m[InstanceLoader] [39m[32mSchedulerModule dependencies initialized[39m[38;5;3m +0ms[39m
[32m[Nest] 35424  - [39m06/05/2026, 6:43:45 AM [32m    LOG[39m [38;5;3m[InstanceLoader] [39m[32mAdminDatasetsModule dependencies initialized[39m[38;5;3m +0ms[39m
[32m[Nest] 35424  - [39m06/05/2026, 6:43:45 AM [32m    LOG[39m [38;5;3m[InstanceLoader] [39m[32mConditionsModule dependencies initialized[39m[38;5;3m +0ms[39m
[32m[Nest] 35424  - [39m06/05/2026, 6:43:45 AM [32m    LOG[39m [38;5;3m[EventsGateway] [39m[32mWebSocket Gateway initialized[39m
[32m[Nest] 35424  - [39m06/05/2026, 6:43:45 AM [32m    LOG[39m [38;5;3m[WebSocketsController] [39m[32mEventsGateway subscribed to the "subscribe:dataset" message[39m[38;5;3m +1ms[39m
[32m[Nest] 35424  - [39m06/05/2026, 6:43:45 AM [32m    LOG[39m [38;5;3m[WebSocketsController] [39m[32mEventsGateway subscribed to the "unsubscribe:dataset" message[39m[38;5;3m +0ms[39m
[32m[Nest] 35424  - [39m06/05/2026, 6:43:45 AM [32m    LOG[39m [38;5;3m[RoutesResolver] [39m[32mAuthController {/auth}:[39m[38;5;3m +2ms[39m
[32m[Nest] 35424  - [39m06/05/2026, 6:43:45 AM [32m    LOG[39m [38;5;3m[RouterExplorer] [39m[32mMapped {/auth/login, POST} route[39m[38;5;3m +2ms[39m
[32m[Nest] 35424  - [39m06/05/2026, 6:43:45 AM [32m    LOG[39m [38;5;3m[RouterExplorer] [39m[32mMapped {/auth/refresh, POST} route[39m[38;5;3m +1ms[39m
[32m[Nest] 35424  - [39m06/05/2026, 6:43:45 AM [32m    LOG[39m [38;5;3m[RouterExplorer] [39m[32mMapped {/auth/logout, POST} route[39m[38;5;3m +1ms[39m
[32m[Nest] 35424  - [39m06/05/2026, 6:43:45 AM [32m    LOG[39m [38;5;3m[RouterExplorer] [39m[32mMapped {/auth/change-password, POST} route[39m[38;5;3m +0ms[39m
[32m[Nest] 35424  - [39m06/05/2026, 6:43:45 AM [32m    LOG[39m [38;5;3m[RoutesResolver] [39m[32mSchedulesController {/schedules}:[39m[38;5;3m +1ms[39m
[32m[Nest] 35424  - [39m06/05/2026, 6:43:45 AM [32m    LOG[39m [38;5;3m[RouterExplorer] [39m[32mMapped {/schedules, GET} route[39m[38;5;3m +1ms[39m
[32m[Nest] 35424  - [39m06/05/2026, 6:43:45 AM [32m    LOG[39m [38;5;3m[RouterExplorer] [39m[32mMapped {/schedules/:datasetId, PUT} route[39m[38;5;3m +1ms[39m
[32m[Nest] 35424  - [39m06/05/2026, 6:43:45 AM [32m    LOG[39m [38;5;3m[RouterExplorer] [39m[32mMapped {/schedules/:datasetId/trigger, POST} route[39m[38;5;3m +0ms[39m
[32m[Nest] 35424  - [39m06/05/2026, 6:43:45 AM [32m    LOG[39m [38;5;3m[RoutesResolver] [39m[32mConditionsController {/conditions}:[39m[38;5;3m +0ms[39m
[32m[Nest] 35424  - [39m06/05/2026, 6:43:45 AM [32m    LOG[39m [38;5;3m[RouterExplorer] [39m[32mMapped {/conditions, GET} route[39m[38;5;3m +1ms[39m
[32m[Nest] 35424  - [39m06/05/2026, 6:43:45 AM [32m    LOG[39m [38;5;3m[RouterExplorer] [39m[32mMapped {/conditions, POST} route[39m[38;5;3m +1ms[39m
[32m[Nest] 35424  - [39m06/05/2026, 6:43:45 AM [32m    LOG[39m [38;5;3m[RouterExplorer] [39m[32mMapped {/conditions/:id, PUT} route[39m[38;5;3m +0ms[39m
[32m[Nest] 35424  - [39m06/05/2026, 6:43:45 AM [32m    LOG[39m [38;5;3m[RouterExplorer] [39m[32mMapped {/conditions/:id, DELETE} route[39m[38;5;3m +1ms[39m
[32m[Nest] 35424  - [39m06/05/2026, 6:43:45 AM [32m    LOG[39m [38;5;3m[RouterExplorer] [39m[32mMapped {/conditions/test-notify-preview, POST} route[39m[38;5;3m +1ms[39m
[32m[Nest] 35424  - [39m06/05/2026, 6:43:45 AM [32m    LOG[39m [38;5;3m[RouterExplorer] [39m[32mMapped {/conditions/:id/preview, POST} route[39m[38;5;3m +0ms[39m
[32m[Nest] 35424  - [39m06/05/2026, 6:43:45 AM [32m    LOG[39m [38;5;3m[RouterExplorer] [39m[32mMapped {/conditions/:id/trigger-now, POST} route[39m[38;5;3m +1ms[39m
[32m[Nest] 35424  - [39m06/05/2026, 6:43:45 AM [32m    LOG[39m [38;5;3m[RouterExplorer] [39m[32mMapped {/conditions/:id/test-notify, POST} route[39m[38;5;3m +0ms[39m
[32m[Nest] 35424  - [39m06/05/2026, 6:43:45 AM [32m    LOG[39m [38;5;3m[RoutesResolver] [39m[32mNotificationsController {/notifications}:[39m[38;5;3m +0ms[39m
[32m[Nest] 35424  - [39m06/05/2026, 6:43:45 AM [32m    LOG[39m [38;5;3m[RouterExplorer] [39m[32mMapped {/notifications, GET} route[39m[38;5;3m +1ms[39m
[32m[Nest] 35424  - [39m06/05/2026, 6:43:45 AM [32m    LOG[39m [38;5;3m[RouterExplorer] [39m[32mMapped {/notifications/:id/retry, POST} route[39m[38;5;3m +0ms[39m
[32m[Nest] 35424  - [39m06/05/2026, 6:43:45 AM [32m    LOG[39m [38;5;3m[RoutesResolver] [39m[32mDashboardController {/dashboard}:[39m[38;5;3m +0ms[39m
[32m[Nest] 35424  - [39m06/05/2026, 6:43:45 AM [32m    LOG[39m [38;5;3m[RouterExplorer] [39m[32mMapped {/dashboard/datasets, GET} route[39m[38;5;3m +1ms[39m
[32m[Nest] 35424  - [39m06/05/2026, 6:43:45 AM [32m    LOG[39m [38;5;3m[RouterExplorer] [39m[32mMapped {/dashboard/:datasetId/data, GET} route[39m[38;5;3m +0ms[39m
[32m[Nest] 35424  - [39m06/05/2026, 6:43:45 AM [32m    LOG[39m [38;5;3m[RouterExplorer] [39m[32mMapped {/dashboard/:datasetId/matrix, GET} route[39m[38;5;3m +1ms[39m
[32m[Nest] 35424  - [39m06/05/2026, 6:43:45 AM [32m    LOG[39m [38;5;3m[RouterExplorer] [39m[32mMapped {/dashboard/:datasetId/refresh, POST} route[39m[38;5;3m +0ms[39m
[32m[Nest] 35424  - [39m06/05/2026, 6:43:45 AM [32m    LOG[39m [38;5;3m[RouterExplorer] [39m[32mMapped {/dashboard/:datasetId/history, GET} route[39m[38;5;3m +1ms[39m
[32m[Nest] 35424  - [39m06/05/2026, 6:43:45 AM [32m    LOG[39m [38;5;3m[RoutesResolver] [39m[32mExportController {/export}:[39m[38;5;3m +0ms[39m
[32m[Nest] 35424  - [39m06/05/2026, 6:43:45 AM [32m    LOG[39m [38;5;3m[RouterExplorer] [39m[32mMapped {/export/:datasetId/csv, GET} route[39m[38;5;3m +1ms[39m
[32m[Nest] 35424  - [39m06/05/2026, 6:43:45 AM [32m    LOG[39m [38;5;3m[RouterExplorer] [39m[32mMapped {/export/:datasetId/excel, GET} route[39m[38;5;3m +0ms[39m
[32m[Nest] 35424  - [39m06/05/2026, 6:43:45 AM [32m    LOG[39m [38;5;3m[RoutesResolver] [39m[32mAdminUsersController {/admin/users}:[39m[38;5;3m +0ms[39m
[32m[Nest] 35424  - [39m06/05/2026, 6:43:45 AM [32m    LOG[39m [38;5;3m[RouterExplorer] [39m[32mMapped {/admin/users, GET} route[39m[38;5;3m +1ms[39m
[32m[Nest] 35424  - [39m06/05/2026, 6:43:45 AM [32m    LOG[39m [38;5;3m[RouterExplorer] [39m[32mMapped {/admin/users, POST} route[39m[38;5;3m +0ms[39m
[32m[Nest] 35424  - [39m06/05/2026, 6:43:45 AM [32m    LOG[39m [38;5;3m[RouterExplorer] [39m[32mMapped {/admin/users/:id, PUT} route[39m[38;5;3m +0ms[39m
[32m[Nest] 35424  - [39m06/05/2026, 6:43:45 AM [32m    LOG[39m [38;5;3m[RouterExplorer] [39m[32mMapped {/admin/users/:id/deactivate, POST} route[39m[38;5;3m +1ms[39m
[32m[Nest] 35424  - [39m06/05/2026, 6:43:45 AM [32m    LOG[39m [38;5;3m[RouterExplorer] [39m[32mMapped {/admin/users/:id/sessions, GET} route[39m[38;5;3m +0ms[39m
[32m[Nest] 35424  - [39m06/05/2026, 6:43:45 AM [32m    LOG[39m [38;5;3m[RouterExplorer] [39m[32mMapped {/admin/users/:id/sessions/:sid, DELETE} route[39m[38;5;3m +0ms[39m
[32m[Nest] 35424  - [39m06/05/2026, 6:43:45 AM [32m    LOG[39m [38;5;3m[RoutesResolver] [39m[32mAdminDatasetsController {/admin/datasets}:[39m[38;5;3m +1ms[39m
[32m[Nest] 35424  - [39m06/05/2026, 6:43:45 AM [32m    LOG[39m [38;5;3m[RouterExplorer] [39m[32mMapped {/admin/datasets, GET} route[39m[38;5;3m +0ms[39m
[32m[Nest] 35424  - [39m06/05/2026, 6:43:45 AM [32m    LOG[39m [38;5;3m[RouterExplorer] [39m[32mMapped {/admin/datasets, POST} route[39m[38;5;3m +0ms[39m
[32m[Nest] 35424  - [39m06/05/2026, 6:43:45 AM [32m    LOG[39m [38;5;3m[RouterExplorer] [39m[32mMapped {/admin/datasets/:id, PUT} route[39m[38;5;3m +1ms[39m
[32m[Nest] 35424  - [39m06/05/2026, 6:43:45 AM [32m    LOG[39m [38;5;3m[RouterExplorer] [39m[32mMapped {/admin/datasets/:id, DELETE} route[39m[38;5;3m +0ms[39m
[32m[Nest] 35424  - [39m06/05/2026, 6:43:45 AM [32m    LOG[39m [38;5;3m[RouterExplorer] [39m[32mMapped {/admin/datasets/validate-sql, POST} route[39m[38;5;3m +0ms[39m
[32m[Nest] 35424  - [39m06/05/2026, 6:43:45 AM [32m    LOG[39m [38;5;3m[RoutesResolver] [39m[32mAdminDatasourcesController {/admin/datasources}:[39m[38;5;3m +1ms[39m
[32m[Nest] 35424  - [39m06/05/2026, 6:43:45 AM [32m    LOG[39m [38;5;3m[RouterExplorer] [39m[32mMapped {/admin/datasources, GET} route[39m[38;5;3m +0ms[39m
[32m[Nest] 35424  - [39m06/05/2026, 6:43:45 AM [32m    LOG[39m [38;5;3m[RouterExplorer] [39m[32mMapped {/admin/datasources/:id, GET} route[39m[38;5;3m +0ms[39m
[32m[Nest] 35424  - [39m06/05/2026, 6:43:45 AM [32m    LOG[39m [38;5;3m[RouterExplorer] [39m[32mMapped {/admin/datasources, POST} route[39m[38;5;3m +0ms[39m
[32m[Nest] 35424  - [39m06/05/2026, 6:43:45 AM [32m    LOG[39m [38;5;3m[RouterExplorer] [39m[32mMapped {/admin/datasources/:id, PUT} route[39m[38;5;3m +1ms[39m
[32m[Nest] 35424  - [39m06/05/2026, 6:43:45 AM [32m    LOG[39m [38;5;3m[RouterExplorer] [39m[32mMapped {/admin/datasources/:id, DELETE} route[39m[38;5;3m +0ms[39m
[32m[Nest] 35424  - [39m06/05/2026, 6:43:45 AM [32m    LOG[39m [38;5;3m[RouterExplorer] [39m[32mMapped {/admin/datasources/test-connection, POST} route[39m[38;5;3m +0ms[39m
[32m[Nest] 35424  - [39m06/05/2026, 6:43:45 AM [32m    LOG[39m [38;5;3m[RoutesResolver] [39m[32mSettingsController {/admin/settings}:[39m[38;5;3m +1ms[39m
[32m[Nest] 35424  - [39m06/05/2026, 6:43:45 AM [32m    LOG[39m [38;5;3m[RouterExplorer] [39m[32mMapped {/admin/settings, GET} route[39m[38;5;3m +0ms[39m
[32m[Nest] 35424  - [39m06/05/2026, 6:43:45 AM [32m    LOG[39m [38;5;3m[RouterExplorer] [39m[32mMapped {/admin/settings, PUT} route[39m[38;5;3m +0ms[39m
[32m[Nest] 35424  - [39m06/05/2026, 6:43:45 AM [32m    LOG[39m [38;5;3m[RouterExplorer] [39m[32mMapped {/admin/settings/test-jerasoft, POST} route[39m[38;5;3m +1ms[39m
[32m[Nest] 35424  - [39m06/05/2026, 6:43:45 AM [32m    LOG[39m [38;5;3m[RouterExplorer] [39m[32mMapped {/admin/settings/test-graph, POST} route[39m[38;5;3m +0ms[39m
[32m[Nest] 35424  - [39m06/05/2026, 6:43:45 AM [32m    LOG[39m [38;5;3m[RouterExplorer] [39m[32mMapped {/admin/settings/test-teams, POST} route[39m[38;5;3m +0ms[39m
[32m[Nest] 35424  - [39m06/05/2026, 6:43:45 AM [32m    LOG[39m [38;5;3m[RouterExplorer] [39m[32mMapped {/admin/settings/rotate-key, POST} route[39m[38;5;3m +0ms[39m
[32m[Nest] 35424  - [39m06/05/2026, 6:43:45 AM [32m    LOG[39m [38;5;3m[RoutesResolver] [39m[32mAuditLogController {/admin/audit-log}:[39m[38;5;3m +1ms[39m
[32m[Nest] 35424  - [39m06/05/2026, 6:43:45 AM [32m    LOG[39m [38;5;3m[RouterExplorer] [39m[32mMapped {/admin/audit-log, GET} route[39m[38;5;3m +0ms[39m
[32m[Nest] 35424  - [39m06/05/2026, 6:43:45 AM [32m    LOG[39m [38;5;3m[RouterExplorer] [39m[32mMapped {/admin/audit-log/export, GET} route[39m[38;5;3m +0ms[39m
[32m[Nest] 35424  - [39m06/05/2026, 6:43:45 AM [32m    LOG[39m [38;5;3m[RoutesResolver] [39m[32mHealthController {/system}:[39m[38;5;3m +1ms[39m
[32m[Nest] 35424  - [39m06/05/2026, 6:43:45 AM [32m    LOG[39m [38;5;3m[RouterExplorer] [39m[32mMapped {/system/health, GET} route[39m[38;5;3m +0ms[39m
[32m[Nest] 35424  - [39m06/05/2026, 6:43:45 AM [32m    LOG[39m [38;5;3m[RoutesResolver] [39m[32mZamaniReportController {/reports/zamani}:[39m[38;5;3m +0ms[39m
[32m[Nest] 35424  - [39m06/05/2026, 6:43:45 AM [32m    LOG[39m [38;5;3m[RouterExplorer] [39m[32mMapped {/reports/zamani/filters, GET} route[39m[38;5;3m +0ms[39m
[32m[Nest] 35424  - [39m06/05/2026, 6:43:45 AM [32m    LOG[39m [38;5;3m[RouterExplorer] [39m[32mMapped {/reports/zamani/yesterday, GET} route[39m[38;5;3m +0ms[39m
[32m[Nest] 35424  - [39m06/05/2026, 6:43:45 AM [32m    LOG[39m [38;5;3m[RouterExplorer] [39m[32mMapped {/reports/zamani/comparison, GET} route[39m[38;5;3m +1ms[39m
[32m[Nest] 35424  - [39m06/05/2026, 6:43:45 AM [32m    LOG[39m [38;5;3m[RouterExplorer] [39m[32mMapped {/reports/zamani/mtd, GET} route[39m[38;5;3m +0ms[39m
[32m[Nest] 35424  - [39m06/05/2026, 6:43:45 AM [32m    LOG[39m [38;5;3m[RouterExplorer] [39m[32mMapped {/reports/zamani/projections, GET} route[39m[38;5;3m +0ms[39m
[32m[Nest] 35424  - [39m06/05/2026, 6:43:45 AM [32m    LOG[39m [38;5;3m[RouterExplorer] [39m[32mMapped {/reports/zamani/targets, GET} route[39m[38;5;3m +1ms[39m
[32m[Nest] 35424  - [39m06/05/2026, 6:43:45 AM [32m    LOG[39m [38;5;3m[RouterExplorer] [39m[32mMapped {/reports/zamani/targets, POST} route[39m[38;5;3m +0ms[39m
[2J[3J[H[[90m6:43:46 AM[0m] File change detected. Starting incremental compilation...

[32m[Nest] 35424  - [39m06/05/2026, 6:43:46 AM [32m    LOG[39m [38;5;3m[JerasoftService] [39m[32mJerasoft database connection established[39m
[32m[Nest] 35424  - [39m06/05/2026, 6:43:46 AM [32m    LOG[39m [38;5;3m[SchedulerService] [39m[32mLoading 3 active datasets for scheduling[39m
[32m[Nest] 35424  - [39m06/05/2026, 6:43:46 AM [32m    LOG[39m [38;5;3m[SchedulerService] [39m[32mScheduled dataset: Clients (*/45 * * * *)[39m
[32m[Nest] 35424  - [39m06/05/2026, 6:43:46 AM [32m    LOG[39m [38;5;3m[SchedulerService] [39m[32mScheduled dataset: Pre-Payment CL (0 */6 * * *)[39m
[32m[Nest] 35424  - [39m06/05/2026, 6:43:46 AM [32m    LOG[39m [38;5;3m[SchedulerService] [39m[32mScheduled dataset: Zamani Traffic (0 1 * * *)[39m
[32m[Nest] 35424  - [39m06/05/2026, 6:43:46 AM [32m    LOG[39m [38;5;3m[ConditionSchedulerService] [39m[32mRegistered 0 condition trigger job(s)[39m
[32m[Nest] 35424  - [39m06/05/2026, 6:43:46 AM [32m    LOG[39m [38;5;3m[NestApplication] [39m[32mNest application successfully started[39m[38;5;3m +16ms[39m
AMS Backend running on port 3001
[32m[Nest] 35424  - [39m06/05/2026, 6:43:46 AM [32m    LOG[39m [38;5;3m[EventsGateway] [39m[32mClient connected: WguAFXuTjPNNDP9HAAAB (user: admin@hayo.net)[39m
[[90m6:43:46 AM[0m] Found 0 errors. Watching for file changes.

[32m[Nest] 66804  - [39m06/05/2026, 6:43:50 AM [32m    LOG[39m [38;5;3m[NestFactory] [39m[32mStarting Nest application...[39m
[32m[Nest] 66804  - [39m06/05/2026, 6:43:50 AM [32m    LOG[39m [38;5;3m[InstanceLoader] [39m[32mAppModule dependencies initialized[39m[38;5;3m +58ms[39m
[32m[Nest] 66804  - [39m06/05/2026, 6:43:50 AM [32m    LOG[39m [38;5;3m[InstanceLoader] [39m[32mTypeOrmModule dependencies initialized[39m[38;5;3m +1ms[39m
[32m[Nest] 66804  - [39m06/05/2026, 6:43:50 AM [32m    LOG[39m [38;5;3m[InstanceLoader] [39m[32mPassportModule dependencies initialized[39m[38;5;3m +0ms[39m
[32m[Nest] 66804  - [39m06/05/2026, 6:43:50 AM [32m    LOG[39m [38;5;3m[InstanceLoader] [39m[32mConfigHostModule dependencies initialized[39m[38;5;3m +0ms[39m
[32m[Nest] 66804  - [39m06/05/2026, 6:43:50 AM [32m    LOG[39m [38;5;3m[InstanceLoader] [39m[32mDiscoveryModule dependencies initialized[39m[38;5;3m +1ms[39m
[32m[Nest] 66804  - [39m06/05/2026, 6:43:50 AM [32m    LOG[39m [38;5;3m[InstanceLoader] [39m[32mConfigModule dependencies initialized[39m[38;5;3m +0ms[39m
[32m[Nest] 66804  - [39m06/05/2026, 6:43:50 AM [32m    LOG[39m [38;5;3m[InstanceLoader] [39m[32mConfigModule dependencies initialized[39m[38;5;3m +0ms[39m
[32m[Nest] 66804  - [39m06/05/2026, 6:43:50 AM [32m    LOG[39m [38;5;3m[InstanceLoader] [39m[32mScheduleModule dependencies initialized[39m[38;5;3m +2ms[39m
[32m[Nest] 66804  - [39m06/05/2026, 6:43:50 AM [32m    LOG[39m [38;5;3m[InstanceLoader] [39m[32mJerasoftModule dependencies initialized[39m[38;5;3m +22ms[39m
[32m[Nest] 66804  - [39m06/05/2026, 6:43:50 AM [32m    LOG[39m [38;5;3m[InstanceLoader] [39m[32mCredentialsModule dependencies initialized[39m[38;5;3m +0ms[39m
[32m[Nest] 66804  - [39m06/05/2026, 6:43:50 AM [32m    LOG[39m [38;5;3m[InstanceLoader] [39m[32mJwtModule dependencies initialized[39m[38;5;3m +1ms[39m
[32m[Nest] 66804  - [39m06/05/2026, 6:43:50 AM [32m    LOG[39m [38;5;3m[InstanceLoader] [39m[32mWebsocketModule dependencies initialized[39m[38;5;3m +0ms[39m
[32m[Nest] 66804  - [39m06/05/2026, 6:43:50 AM [32m    LOG[39m [38;5;3m[InstanceLoader] [39m[32mTypeOrmCoreModule dependencies initialized[39m[38;5;3m +158ms[39m
[32m[Nest] 66804  - [39m06/05/2026, 6:43:50 AM [32m    LOG[39m [38;5;3m[InstanceLoader] [39m[32mTypeOrmModule dependencies initialized[39m[38;5;3m +0ms[39m
[32m[Nest] 66804  - [39m06/05/2026, 6:43:50 AM [32m    LOG[39m [38;5;3m[InstanceLoader] [39m[32mTypeOrmModule dependencies initialized[39m[38;5;3m +0ms[39m
[32m[Nest] 66804  - [39m06/05/2026, 6:43:50 AM [32m    LOG[39m [38;5;3m[InstanceLoader] [39m[32mTypeOrmModule dependencies initialized[39m[38;5;3m +1ms[39m
[32m[Nest] 66804  - [39m06/05/2026, 6:43:50 AM [32m    LOG[39m [38;5;3m[InstanceLoader] [39m[32mTypeOrmModule dependencies initialized[39m[38;5;3m +0ms[39m
[32m[Nest] 66804  - [39m06/05/2026, 6:43:50 AM [32m    LOG[39m [38;5;3m[InstanceLoader] [39m[32mTypeOrmModule dependencies initialized[39m[38;5;3m +0ms[39m
[32m[Nest] 66804  - [39m06/05/2026, 6:43:50 AM [32m    LOG[39m [38;5;3m[InstanceLoader] [39m[32mTypeOrmModule dependencies initialized[39m[38;5;3m +0ms[39m
[32m[Nest] 66804  - [39m06/05/2026, 6:43:50 AM [32m    LOG[39m [38;5;3m[InstanceLoader] [39m[32mTypeOrmModule dependencies initialized[39m[38;5;3m +0ms[39m
[32m[Nest] 66804  - [39m06/05/2026, 6:43:50 AM [32m    LOG[39m [38;5;3m[InstanceLoader] [39m[32mTypeOrmModule dependencies initialized[39m[38;5;3m +0ms[39m
[32m[Nest] 66804  - [39m06/05/2026, 6:43:50 AM [32m    LOG[39m [38;5;3m[InstanceLoader] [39m[32mTypeOrmModule dependencies initialized[39m[38;5;3m +0ms[39m
[32m[Nest] 66804  - [39m06/05/2026, 6:43:50 AM [32m    LOG[39m [38;5;3m[InstanceLoader] [39m[32mTypeOrmModule dependencies initialized[39m[38;5;3m +0ms[39m
[32m[Nest] 66804  - [39m06/05/2026, 6:43:50 AM [32m    LOG[39m [38;5;3m[InstanceLoader] [39m[32mTypeOrmModule dependencies initialized[39m[38;5;3m +0ms[39m
[32m[Nest] 66804  - [39m06/05/2026, 6:43:50 AM [32m    LOG[39m [38;5;3m[InstanceLoader] [39m[32mAuditModule dependencies initialized[39m[38;5;3m +3ms[39m
[32m[Nest] 66804  - [39m06/05/2026, 6:43:50 AM [32m    LOG[39m [38;5;3m[InstanceLoader] [39m[32mExternalDatasourcesModule dependencies initialized[39m[38;5;3m +0ms[39m
[32m[Nest] 66804  - [39m06/05/2026, 6:43:50 AM [32m    LOG[39m [38;5;3m[InstanceLoader] [39m[32mSystemModule dependencies initialized[39m[38;5;3m +2ms[39m
[32m[Nest] 66804  - [39m06/05/2026, 6:43:50 AM [32m    LOG[39m [38;5;3m[InstanceLoader] [39m[32mDatasetsModule dependencies initialized[39m[38;5;3m +1ms[39m
[32m[Nest] 66804  - [39m06/05/2026, 6:43:50 AM [32m    LOG[39m [38;5;3m[InstanceLoader] [39m[32mStageModule dependencies initialized[39m[38;5;3m +0ms[39m
[32m[Nest] 66804  - [39m06/05/2026, 6:43:50 AM [32m    LOG[39m [38;5;3m[InstanceLoader] [39m[32mAuditLogModule dependencies initialized[39m[38;5;3m +4ms[39m
[32m[Nest] 66804  - [39m06/05/2026, 6:43:50 AM [32m    LOG[39m [38;5;3m[InstanceLoader] [39m[32mZamaniReportModule dependencies initialized[39m[38;5;3m +0ms[39m
[32m[Nest] 66804  - [39m06/05/2026, 6:43:50 AM [32m    LOG[39m [38;5;3m[InstanceLoader] [39m[32mExportModule dependencies initialized[39m[38;5;3m +1ms[39m
[32m[Nest] 66804  - [39m06/05/2026, 6:43:50 AM [32m    LOG[39m [38;5;3m[InstanceLoader] [39m[32mDashboardModule dependencies initialized[39m[38;5;3m +0ms[39m
[32m[Nest] 66804  - [39m06/05/2026, 6:43:50 AM [32m    LOG[39m [38;5;3m[InstanceLoader] [39m[32mAuthModule dependencies initialized[39m[38;5;3m +1ms[39m
[32m[Nest] 66804  - [39m06/05/2026, 6:43:50 AM [32m    LOG[39m [38;5;3m[InstanceLoader] [39m[32mNotificationsModule dependencies initialized[39m[38;5;3m +0ms[39m
[32m[Nest] 66804  - [39m06/05/2026, 6:43:50 AM [32m    LOG[39m [38;5;3m[InstanceLoader] [39m[32mAdminDatasourcesModule dependencies initialized[39m[38;5;3m +0ms[39m
[32m[Nest] 66804  - [39m06/05/2026, 6:43:50 AM [32m    LOG[39m [38;5;3m[InstanceLoader] [39m[32mAdminUsersModule dependencies initialized[39m[38;5;3m +0ms[39m
[32m[Nest] 66804  - [39m06/05/2026, 6:43:50 AM [32m    LOG[39m [38;5;3m[InstanceLoader] [39m[32mSettingsModule dependencies initialized[39m[38;5;3m +0ms[39m
[32m[Nest] 66804  - [39m06/05/2026, 6:43:50 AM [32m    LOG[39m [38;5;3m[InstanceLoader] [39m[32mSchedulerModule dependencies initialized[39m[38;5;3m +1ms[39m
[32m[Nest] 66804  - [39m06/05/2026, 6:43:50 AM [32m    LOG[39m [38;5;3m[InstanceLoader] [39m[32mAdminDatasetsModule dependencies initialized[39m[38;5;3m +0ms[39m
[32m[Nest] 66804  - [39m06/05/2026, 6:43:50 AM [32m    LOG[39m [38;5;3m[InstanceLoader] [39m[32mConditionsModule dependencies initialized[39m[38;5;3m +0ms[39m
[32m[Nest] 66804  - [39m06/05/2026, 6:43:50 AM [32m    LOG[39m [38;5;3m[EventsGateway] [39m[32mWebSocket Gateway initialized[39m
[32m[Nest] 66804  - [39m06/05/2026, 6:43:50 AM [32m    LOG[39m [38;5;3m[WebSocketsController] [39m[32mEventsGateway subscribed to the "subscribe:dataset" message[39m[38;5;3m +1ms[39m
[32m[Nest] 66804  - [39m06/05/2026, 6:43:50 AM [32m    LOG[39m [38;5;3m[WebSocketsController] [39m[32mEventsGateway subscribed to the "unsubscribe:dataset" message[39m[38;5;3m +0ms[39m
[32m[Nest] 66804  - [39m06/05/2026, 6:43:50 AM [32m    LOG[39m [38;5;3m[RoutesResolver] [39m[32mAuthController {/auth}:[39m[38;5;3m +3ms[39m
[32m[Nest] 66804  - [39m06/05/2026, 6:43:50 AM [32m    LOG[39m [38;5;3m[RouterExplorer] [39m[32mMapped {/auth/login, POST} route[39m[38;5;3m +2ms[39m
[32m[Nest] 66804  - [39m06/05/2026, 6:43:50 AM [32m    LOG[39m [38;5;3m[RouterExplorer] [39m[32mMapped {/auth/refresh, POST} route[39m[38;5;3m +1ms[39m
[32m[Nest] 66804  - [39m06/05/2026, 6:43:50 AM [32m    LOG[39m [38;5;3m[RouterExplorer] [39m[32mMapped {/auth/logout, POST} route[39m[38;5;3m +1ms[39m
[32m[Nest] 66804  - [39m06/05/2026, 6:43:50 AM [32m    LOG[39m [38;5;3m[RouterExplorer] [39m[32mMapped {/auth/change-password, POST} route[39m[38;5;3m +0ms[39m
[32m[Nest] 66804  - [39m06/05/2026, 6:43:50 AM [32m    LOG[39m [38;5;3m[RoutesResolver] [39m[32mSchedulesController {/schedules}:[39m[38;5;3m +0ms[39m
[32m[Nest] 66804  - [39m06/05/2026, 6:43:50 AM [32m    LOG[39m [38;5;3m[RouterExplorer] [39m[32mMapped {/schedules, GET} route[39m[38;5;3m +1ms[39m
[32m[Nest] 66804  - [39m06/05/2026, 6:43:50 AM [32m    LOG[39m [38;5;3m[RouterExplorer] [39m[32mMapped {/schedules/:datasetId, PUT} route[39m[38;5;3m +2ms[39m
[32m[Nest] 66804  - [39m06/05/2026, 6:43:50 AM [32m    LOG[39m [38;5;3m[RouterExplorer] [39m[32mMapped {/schedules/:datasetId/trigger, POST} route[39m[38;5;3m +1ms[39m
[32m[Nest] 66804  - [39m06/05/2026, 6:43:50 AM [32m    LOG[39m [38;5;3m[RoutesResolver] [39m[32mConditionsController {/conditions}:[39m[38;5;3m +0ms[39m
[32m[Nest] 66804  - [39m06/05/2026, 6:43:50 AM [32m    LOG[39m [38;5;3m[RouterExplorer] [39m[32mMapped {/conditions, GET} route[39m[38;5;3m +4ms[39m
[32m[Nest] 66804  - [39m06/05/2026, 6:43:50 AM [32m    LOG[39m [38;5;3m[RouterExplorer] [39m[32mMapped {/conditions, POST} route[39m[38;5;3m +2ms[39m
[32m[Nest] 66804  - [39m06/05/2026, 6:43:50 AM [32m    LOG[39m [38;5;3m[RouterExplorer] [39m[32mMapped {/conditions/:id, PUT} route[39m[38;5;3m +1ms[39m
[32m[Nest] 66804  - [39m06/05/2026, 6:43:50 AM [32m    LOG[39m [38;5;3m[RouterExplorer] [39m[32mMapped {/conditions/:id, DELETE} route[39m[38;5;3m +2ms[39m
[32m[Nest] 66804  - [39m06/05/2026, 6:43:50 AM [32m    LOG[39m [38;5;3m[RouterExplorer] [39m[32mMapped {/conditions/test-notify-preview, POST} route[39m[38;5;3m +1ms[39m
[32m[Nest] 66804  - [39m06/05/2026, 6:43:50 AM [32m    LOG[39m [38;5;3m[RouterExplorer] [39m[32mMapped {/conditions/:id/preview, POST} route[39m[38;5;3m +0ms[39m
[32m[Nest] 66804  - [39m06/05/2026, 6:43:50 AM [32m    LOG[39m [38;5;3m[RouterExplorer] [39m[32mMapped {/conditions/:id/trigger-now, POST} route[39m[38;5;3m +1ms[39m
[32m[Nest] 66804  - [39m06/05/2026, 6:43:50 AM [32m    LOG[39m [38;5;3m[RouterExplorer] [39m[32mMapped {/conditions/:id/test-notify, POST} route[39m[38;5;3m +0ms[39m
[32m[Nest] 66804  - [39m06/05/2026, 6:43:50 AM [32m    LOG[39m [38;5;3m[RoutesResolver] [39m[32mNotificationsController {/notifications}:[39m[38;5;3m +0ms[39m
[32m[Nest] 66804  - [39m06/05/2026, 6:43:50 AM [32m    LOG[39m [38;5;3m[RouterExplorer] [39m[32mMapped {/notifications, GET} route[39m[38;5;3m +1ms[39m
[32m[Nest] 66804  - [39m06/05/2026, 6:43:50 AM [32m    LOG[39m [38;5;3m[RouterExplorer] [39m[32mMapped {/notifications/:id/retry, POST} route[39m[38;5;3m +0ms[39m
[32m[Nest] 66804  - [39m06/05/2026, 6:43:50 AM [32m    LOG[39m [38;5;3m[RoutesResolver] [39m[32mDashboardController {/dashboard}:[39m[38;5;3m +0ms[39m
[32m[Nest] 66804  - [39m06/05/2026, 6:43:50 AM [32m    LOG[39m [38;5;3m[RouterExplorer] [39m[32mMapped {/dashboard/datasets, GET} route[39m[38;5;3m +0ms[39m
[32m[Nest] 66804  - [39m06/05/2026, 6:43:50 AM [32m    LOG[39m [38;5;3m[RouterExplorer] [39m[32mMapped {/dashboard/:datasetId/data, GET} route[39m[38;5;3m +1ms[39m
[32m[Nest] 66804  - [39m06/05/2026, 6:43:50 AM [32m    LOG[39m [38;5;3m[RouterExplorer] [39m[32mMapped {/dashboard/:datasetId/matrix, GET} route[39m[38;5;3m +0ms[39m
[32m[Nest] 66804  - [39m06/05/2026, 6:43:50 AM [32m    LOG[39m [38;5;3m[RouterExplorer] [39m[32mMapped {/dashboard/:datasetId/refresh, POST} route[39m[38;5;3m +0ms[39m
[32m[Nest] 66804  - [39m06/05/2026, 6:43:50 AM [32m    LOG[39m [38;5;3m[RouterExplorer] [39m[32mMapped {/dashboard/:datasetId/history, GET} route[39m[38;5;3m +1ms[39m
[32m[Nest] 66804  - [39m06/05/2026, 6:43:50 AM [32m    LOG[39m [38;5;3m[RoutesResolver] [39m[32mExportController {/export}:[39m[38;5;3m +0ms[39m
[32m[Nest] 66804  - [39m06/05/2026, 6:43:50 AM [32m    LOG[39m [38;5;3m[RouterExplorer] [39m[32mMapped {/export/:datasetId/csv, GET} route[39m[38;5;3m +0ms[39m
[32m[Nest] 66804  - [39m06/05/2026, 6:43:50 AM [32m    LOG[39m [38;5;3m[RouterExplorer] [39m[32mMapped {/export/:datasetId/excel, GET} route[39m[38;5;3m +0ms[39m
[32m[Nest] 66804  - [39m06/05/2026, 6:43:50 AM [32m    LOG[39m [38;5;3m[RoutesResolver] [39m[32mAdminUsersController {/admin/users}:[39m[38;5;3m +1ms[39m
[32m[Nest] 66804  - [39m06/05/2026, 6:43:50 AM [32m    LOG[39m [38;5;3m[RouterExplorer] [39m[32mMapped {/admin/users, GET} route[39m[38;5;3m +0ms[39m
[32m[Nest] 66804  - [39m06/05/2026, 6:43:50 AM [32m    LOG[39m [38;5;3m[RouterExplorer] [39m[32mMapped {/admin/users, POST} route[39m[38;5;3m +0ms[39m
[32m[Nest] 66804  - [39m06/05/2026, 6:43:50 AM [32m    LOG[39m [38;5;3m[RouterExplorer] [39m[32mMapped {/admin/users/:id, PUT} route[39m[38;5;3m +1ms[39m
[32m[Nest] 66804  - [39m06/05/2026, 6:43:50 AM [32m    LOG[39m [38;5;3m[RouterExplorer] [39m[32mMapped {/admin/users/:id/deactivate, POST} route[39m[38;5;3m +0ms[39m
[32m[Nest] 66804  - [39m06/05/2026, 6:43:50 AM [32m    LOG[39m [38;5;3m[RouterExplorer] [39m[32mMapped {/admin/users/:id/sessions, GET} route[39m[38;5;3m +0ms[39m
[32m[Nest] 66804  - [39m06/05/2026, 6:43:50 AM [32m    LOG[39m [38;5;3m[RouterExplorer] [39m[32mMapped {/admin/users/:id/sessions/:sid, DELETE} route[39m[38;5;3m +0ms[39m
[32m[Nest] 66804  - [39m06/05/2026, 6:43:50 AM [32m    LOG[39m [38;5;3m[RoutesResolver] [39m[32mAdminDatasetsController {/admin/datasets}:[39m[38;5;3m +0ms[39m
[32m[Nest] 66804  - [39m06/05/2026, 6:43:50 AM [32m    LOG[39m [38;5;3m[RouterExplorer] [39m[32mMapped {/admin/datasets, GET} route[39m[38;5;3m +1ms[39m
[32m[Nest] 66804  - [39m06/05/2026, 6:43:50 AM [32m    LOG[39m [38;5;3m[RouterExplorer] [39m[32mMapped {/admin/datasets, POST} route[39m[38;5;3m +0ms[39m
[32m[Nest] 66804  - [39m06/05/2026, 6:43:50 AM [32m    LOG[39m [38;5;3m[RouterExplorer] [39m[32mMapped {/admin/datasets/:id, PUT} route[39m[38;5;3m +0ms[39m
[32m[Nest] 66804  - [39m06/05/2026, 6:43:50 AM [32m    LOG[39m [38;5;3m[RouterExplorer] [39m[32mMapped {/admin/datasets/:id, DELETE} route[39m[38;5;3m +0ms[39m
[32m[Nest] 66804  - [39m06/05/2026, 6:43:50 AM [32m    LOG[39m [38;5;3m[RouterExplorer] [39m[32mMapped {/admin/datasets/validate-sql, POST} route[39m[38;5;3m +1ms[39m
[32m[Nest] 66804  - [39m06/05/2026, 6:43:50 AM [32m    LOG[39m [38;5;3m[RoutesResolver] [39m[32mAdminDatasourcesController {/admin/datasources}:[39m[38;5;3m +0ms[39m
[32m[Nest] 66804  - [39m06/05/2026, 6:43:50 AM [32m    LOG[39m [38;5;3m[RouterExplorer] [39m[32mMapped {/admin/datasources, GET} route[39m[38;5;3m +0ms[39m
[32m[Nest] 66804  - [39m06/05/2026, 6:43:50 AM [32m    LOG[39m [38;5;3m[RouterExplorer] [39m[32mMapped {/admin/datasources/:id, GET} route[39m[38;5;3m +0ms[39m
[32m[Nest] 66804  - [39m06/05/2026, 6:43:50 AM [32m    LOG[39m [38;5;3m[RouterExplorer] [39m[32mMapped {/admin/datasources, POST} route[39m[38;5;3m +0ms[39m
[32m[Nest] 66804  - [39m06/05/2026, 6:43:50 AM [32m    LOG[39m [38;5;3m[RouterExplorer] [39m[32mMapped {/admin/datasources/:id, PUT} route[39m[38;5;3m +1ms[39m
[32m[Nest] 66804  - [39m06/05/2026, 6:43:50 AM [32m    LOG[39m [38;5;3m[RouterExplorer] [39m[32mMapped {/admin/datasources/:id, DELETE} route[39m[38;5;3m +0ms[39m
[32m[Nest] 66804  - [39m06/05/2026, 6:43:50 AM [32m    LOG[39m [38;5;3m[RouterExplorer] [39m[32mMapped {/admin/datasources/test-connection, POST} route[39m[38;5;3m +0ms[39m
[32m[Nest] 66804  - [39m06/05/2026, 6:43:50 AM [32m    LOG[39m [38;5;3m[RoutesResolver] [39m[32mSettingsController {/admin/settings}:[39m[38;5;3m +0ms[39m
[32m[Nest] 66804  - [39m06/05/2026, 6:43:50 AM [32m    LOG[39m [38;5;3m[RouterExplorer] [39m[32mMapped {/admin/settings, GET} route[39m[38;5;3m +1ms[39m
[32m[Nest] 66804  - [39m06/05/2026, 6:43:50 AM [32m    LOG[39m [38;5;3m[RouterExplorer] [39m[32mMapped {/admin/settings, PUT} route[39m[38;5;3m +0ms[39m
[32m[Nest] 66804  - [39m06/05/2026, 6:43:50 AM [32m    LOG[39m [38;5;3m[RouterExplorer] [39m[32mMapped {/admin/settings/test-jerasoft, POST} route[39m[38;5;3m +0ms[39m
[32m[Nest] 66804  - [39m06/05/2026, 6:43:50 AM [32m    LOG[39m [38;5;3m[RouterExplorer] [39m[32mMapped {/admin/settings/test-graph, POST} route[39m[38;5;3m +0ms[39m
[32m[Nest] 66804  - [39m06/05/2026, 6:43:50 AM [32m    LOG[39m [38;5;3m[RouterExplorer] [39m[32mMapped {/admin/settings/test-teams, POST} route[39m[38;5;3m +1ms[39m
[32m[Nest] 66804  - [39m06/05/2026, 6:43:50 AM [32m    LOG[39m [38;5;3m[RouterExplorer] [39m[32mMapped {/admin/settings/rotate-key, POST} route[39m[38;5;3m +0ms[39m
[32m[Nest] 66804  - [39m06/05/2026, 6:43:50 AM [32m    LOG[39m [38;5;3m[RoutesResolver] [39m[32mAuditLogController {/admin/audit-log}:[39m[38;5;3m +0ms[39m
[32m[Nest] 66804  - [39m06/05/2026, 6:43:50 AM [32m    LOG[39m [38;5;3m[RouterExplorer] [39m[32mMapped {/admin/audit-log, GET} route[39m[38;5;3m +0ms[39m
[32m[Nest] 66804  - [39m06/05/2026, 6:43:50 AM [32m    LOG[39m [38;5;3m[RouterExplorer] [39m[32mMapped {/admin/audit-log/export, GET} route[39m[38;5;3m +0ms[39m
[32m[Nest] 66804  - [39m06/05/2026, 6:43:50 AM [32m    LOG[39m [38;5;3m[RoutesResolver] [39m[32mHealthController {/system}:[39m[38;5;3m +0ms[39m
[32m[Nest] 66804  - [39m06/05/2026, 6:43:50 AM [32m    LOG[39m [38;5;3m[RouterExplorer] [39m[32mMapped {/system/health, GET} route[39m[38;5;3m +1ms[39m
[32m[Nest] 66804  - [39m06/05/2026, 6:43:50 AM [32m    LOG[39m [38;5;3m[RoutesResolver] [39m[32mZamaniReportController {/reports/zamani}:[39m[38;5;3m +0ms[39m
[32m[Nest] 66804  - [39m06/05/2026, 6:43:50 AM [32m    LOG[39m [38;5;3m[RouterExplorer] [39m[32mMapped {/reports/zamani/filters, GET} route[39m[38;5;3m +0ms[39m
[32m[Nest] 66804  - [39m06/05/2026, 6:43:50 AM [32m    LOG[39m [38;5;3m[RouterExplorer] [39m[32mMapped {/reports/zamani/yesterday, GET} route[39m[38;5;3m +0ms[39m
[32m[Nest] 66804  - [39m06/05/2026, 6:43:50 AM [32m    LOG[39m [38;5;3m[RouterExplorer] [39m[32mMapped {/reports/zamani/comparison, GET} route[39m[38;5;3m +0ms[39m
[32m[Nest] 66804  - [39m06/05/2026, 6:43:50 AM [32m    LOG[39m [38;5;3m[RouterExplorer] [39m[32mMapped {/reports/zamani/mtd, GET} route[39m[38;5;3m +1ms[39m
[32m[Nest] 66804  - [39m06/05/2026, 6:43:50 AM [32m    LOG[39m [38;5;3m[RouterExplorer] [39m[32mMapped {/reports/zamani/projections, GET} route[39m[38;5;3m +0ms[39m
[32m[Nest] 66804  - [39m06/05/2026, 6:43:50 AM [32m    LOG[39m [38;5;3m[RouterExplorer] [39m[32mMapped {/reports/zamani/targets, GET} route[39m[38;5;3m +0ms[39m
[32m[Nest] 66804  - [39m06/05/2026, 6:43:50 AM [32m    LOG[39m [38;5;3m[RouterExplorer] [39m[32mMapped {/reports/zamani/targets, POST} route[39m[38;5;3m +0ms[39m
[32m[Nest] 66804  - [39m06/05/2026, 6:43:50 AM [32m    LOG[39m [38;5;3m[JerasoftService] [39m[32mJerasoft database connection established[39m
[32m[Nest] 66804  - [39m06/05/2026, 6:43:50 AM [32m    LOG[39m [38;5;3m[SchedulerService] [39m[32mLoading 3 active datasets for scheduling[39m
[32m[Nest] 66804  - [39m06/05/2026, 6:43:50 AM [32m    LOG[39m [38;5;3m[SchedulerService] [39m[32mScheduled dataset: Clients (*/45 * * * *)[39m
[32m[Nest] 66804  - [39m06/05/2026, 6:43:50 AM [32m    LOG[39m [38;5;3m[SchedulerService] [39m[32mScheduled dataset: Pre-Payment CL (0 */6 * * *)[39m
[32m[Nest] 66804  - [39m06/05/2026, 6:43:50 AM [32m    LOG[39m [38;5;3m[SchedulerService] [39m[32mScheduled dataset: Zamani Traffic (0 1 * * *)[39m
[32m[Nest] 66804  - [39m06/05/2026, 6:43:50 AM [32m    LOG[39m [38;5;3m[ConditionSchedulerService] [39m[32mRegistered 0 condition trigger job(s)[39m
[32m[Nest] 66804  - [39m06/05/2026, 6:43:50 AM [32m    LOG[39m [38;5;3m[NestApplication] [39m[32mNest application successfully started[39m[38;5;3m +16ms[39m
AMS Backend running on port 3001
[2J[3J[H[[90m6:43:50 AM[0m] File change detected. Starting incremental compilation...

[[90m6:43:50 AM[0m] Found 0 errors. Watching for file changes.

[32m[Nest] 52048  - [39m06/05/2026, 6:43:54 AM [32m    LOG[39m [38;5;3m[NestFactory] [39m[32mStarting Nest application...[39m
[32m[Nest] 52048  - [39m06/05/2026, 6:43:55 AM [32m    LOG[39m [38;5;3m[InstanceLoader] [39m[32mAppModule dependencies initialized[39m[38;5;3m +59ms[39m
[32m[Nest] 52048  - [39m06/05/2026, 6:43:55 AM [32m    LOG[39m [38;5;3m[InstanceLoader] [39m[32mTypeOrmModule dependencies initialized[39m[38;5;3m +0ms[39m
[32m[Nest] 52048  - [39m06/05/2026, 6:43:55 AM [32m    LOG[39m [38;5;3m[InstanceLoader] [39m[32mPassportModule dependencies initialized[39m[38;5;3m +1ms[39m
[32m[Nest] 52048  - [39m06/05/2026, 6:43:55 AM [32m    LOG[39m [38;5;3m[InstanceLoader] [39m[32mConfigHostModule dependencies initialized[39m[38;5;3m +0ms[39m
[32m[Nest] 52048  - [39m06/05/2026, 6:43:55 AM [32m    LOG[39m [38;5;3m[InstanceLoader] [39m[32mDiscoveryModule dependencies initialized[39m[38;5;3m +0ms[39m
[32m[Nest] 52048  - [39m06/05/2026, 6:43:55 AM [32m    LOG[39m [38;5;3m[InstanceLoader] [39m[32mConfigModule dependencies initialized[39m[38;5;3m +1ms[39m
[32m[Nest] 52048  - [39m06/05/2026, 6:43:55 AM [32m    LOG[39m [38;5;3m[InstanceLoader] [39m[32mConfigModule dependencies initialized[39m[38;5;3m +0ms[39m
[32m[Nest] 52048  - [39m06/05/2026, 6:43:55 AM [32m    LOG[39m [38;5;3m[InstanceLoader] [39m[32mScheduleModule dependencies initialized[39m[38;5;3m +1ms[39m
[32m[Nest] 52048  - [39m06/05/2026, 6:43:55 AM [32m    LOG[39m [38;5;3m[InstanceLoader] [39m[32mJerasoftModule dependencies initialized[39m[38;5;3m +22ms[39m
[32m[Nest] 52048  - [39m06/05/2026, 6:43:55 AM [32m    LOG[39m [38;5;3m[InstanceLoader] [39m[32mCredentialsModule dependencies initialized[39m[38;5;3m +1ms[39m
[32m[Nest] 52048  - [39m06/05/2026, 6:43:55 AM [32m    LOG[39m [38;5;3m[InstanceLoader] [39m[32mJwtModule dependencies initialized[39m[38;5;3m +0ms[39m
[32m[Nest] 52048  - [39m06/05/2026, 6:43:55 AM [32m    LOG[39m [38;5;3m[InstanceLoader] [39m[32mWebsocketModule dependencies initialized[39m[38;5;3m +0ms[39m
[32m[Nest] 52048  - [39m06/05/2026, 6:43:55 AM [32m    LOG[39m [38;5;3m[InstanceLoader] [39m[32mTypeOrmCoreModule dependencies initialized[39m[38;5;3m +122ms[39m
[32m[Nest] 52048  - [39m06/05/2026, 6:43:55 AM [32m    LOG[39m [38;5;3m[InstanceLoader] [39m[32mTypeOrmModule dependencies initialized[39m[38;5;3m +0ms[39m
[32m[Nest] 52048  - [39m06/05/2026, 6:43:55 AM [32m    LOG[39m [38;5;3m[InstanceLoader] [39m[32mTypeOrmModule dependencies initialized[39m[38;5;3m +0ms[39m
[32m[Nest] 52048  - [39m06/05/2026, 6:43:55 AM [32m    LOG[39m [38;5;3m[InstanceLoader] [39m[32mTypeOrmModule dependencies initialized[39m[38;5;3m +1ms[39m
[32m[Nest] 52048  - [39m06/05/2026, 6:43:55 AM [32m    LOG[39m [38;5;3m[InstanceLoader] [39m[32mTypeOrmModule dependencies initialized[39m[38;5;3m +0ms[39m
[32m[Nest] 52048  - [39m06/05/2026, 6:43:55 AM [32m    LOG[39m [38;5;3m[InstanceLoader] [39m[32mTypeOrmModule dependencies initialized[39m[38;5;3m +0ms[39m
[32m[Nest] 52048  - [39m06/05/2026, 6:43:55 AM [32m    LOG[39m [38;5;3m[InstanceLoader] [39m[32mTypeOrmModule dependencies initialized[39m[38;5;3m +0ms[39m
[32m[Nest] 52048  - [39m06/05/2026, 6:43:55 AM [32m    LOG[39m [38;5;3m[InstanceLoader] [39m[32mTypeOrmModule dependencies initialized[39m[38;5;3m +0ms[39m
[32m[Nest] 52048  - [39m06/05/2026, 6:43:55 AM [32m    LOG[39m [38;5;3m[InstanceLoader] [39m[32mTypeOrmModule dependencies initialized[39m[38;5;3m +0ms[39m
[32m[Nest] 52048  - [39m06/05/2026, 6:43:55 AM [32m    LOG[39m [38;5;3m[InstanceLoader] [39m[32mTypeOrmModule dependencies initialized[39m[38;5;3m +0ms[39m
[32m[Nest] 52048  - [39m06/05/2026, 6:43:55 AM [32m    LOG[39m [38;5;3m[InstanceLoader] [39m[32mTypeOrmModule dependencies initialized[39m[38;5;3m +0ms[39m
[32m[Nest] 52048  - [39m06/05/2026, 6:43:55 AM [32m    LOG[39m [38;5;3m[InstanceLoader] [39m[32mTypeOrmModule dependencies initialized[39m[38;5;3m +0ms[39m
[32m[Nest] 52048  - [39m06/05/2026, 6:43:55 AM [32m    LOG[39m [38;5;3m[InstanceLoader] [39m[32mAuditModule dependencies initialized[39m[38;5;3m +3ms[39m
[32m[Nest] 52048  - [39m06/05/2026, 6:43:55 AM [32m    LOG[39m [38;5;3m[InstanceLoader] [39m[32mExternalDatasourcesModule dependencies initialized[39m[38;5;3m +0ms[39m
[32m[Nest] 52048  - [39m06/05/2026, 6:43:55 AM [32m    LOG[39m [38;5;3m[InstanceLoader] [39m[32mSystemModule dependencies initialized[39m[38;5;3m +2ms[39m
[32m[Nest] 52048  - [39m06/05/2026, 6:43:55 AM [32m    LOG[39m [38;5;3m[InstanceLoader] [39m[32mDatasetsModule dependencies initialized[39m[38;5;3m +1ms[39m
[32m[Nest] 52048  - [39m06/05/2026, 6:43:55 AM [32m    LOG[39m [38;5;3m[InstanceLoader] [39m[32mStageModule dependencies initialized[39m[38;5;3m +0ms[39m
[32m[Nest] 52048  - [39m06/05/2026, 6:43:55 AM [32m    LOG[39m [38;5;3m[InstanceLoader] [39m[32mAuditLogModule dependencies initialized[39m[38;5;3m +4ms[39m
[32m[Nest] 52048  - [39m06/05/2026, 6:43:55 AM [32m    LOG[39m [38;5;3m[InstanceLoader] [39m[32mZamaniReportModule dependencies initialized[39m[38;5;3m +0ms[39m
[32m[Nest] 52048  - [39m06/05/2026, 6:43:55 AM [32m    LOG[39m [38;5;3m[InstanceLoader] [39m[32mExportModule dependencies initialized[39m[38;5;3m +1ms[39m
[32m[Nest] 52048  - [39m06/05/2026, 6:43:55 AM [32m    LOG[39m [38;5;3m[InstanceLoader] [39m[32mDashboardModule dependencies initialized[39m[38;5;3m +0ms[39m
[32m[Nest] 52048  - [39m06/05/2026, 6:43:55 AM [32m    LOG[39m [38;5;3m[InstanceLoader] [39m[32mAuthModule dependencies initialized[39m[38;5;3m +1ms[39m
[32m[Nest] 52048  - [39m06/05/2026, 6:43:55 AM [32m    LOG[39m [38;5;3m[InstanceLoader] [39m[32mNotificationsModule dependencies initialized[39m[38;5;3m +0ms[39m
[32m[Nest] 52048  - [39m06/05/2026, 6:43:55 AM [32m    LOG[39m [38;5;3m[InstanceLoader] [39m[32mAdminDatasourcesModule dependencies initialized[39m[38;5;3m +0ms[39m
[32m[Nest] 52048  - [39m06/05/2026, 6:43:55 AM [32m    LOG[39m [38;5;3m[InstanceLoader] [39m[32mAdminUsersModule dependencies initialized[39m[38;5;3m +1ms[39m
[32m[Nest] 52048  - [39m06/05/2026, 6:43:55 AM [32m    LOG[39m [38;5;3m[InstanceLoader] [39m[32mSettingsModule dependencies initialized[39m[38;5;3m +0ms[39m
[32m[Nest] 52048  - [39m06/05/2026, 6:43:55 AM [32m    LOG[39m [38;5;3m[InstanceLoader] [39m[32mSchedulerModule dependencies initialized[39m[38;5;3m +0ms[39m
[32m[Nest] 52048  - [39m06/05/2026, 6:43:55 AM [32m    LOG[39m [38;5;3m[InstanceLoader] [39m[32mAdminDatasetsModule dependencies initialized[39m[38;5;3m +0ms[39m
[32m[Nest] 52048  - [39m06/05/2026, 6:43:55 AM [32m    LOG[39m [38;5;3m[InstanceLoader] [39m[32mConditionsModule dependencies initialized[39m[38;5;3m +0ms[39m
[32m[Nest] 52048  - [39m06/05/2026, 6:43:55 AM [32m    LOG[39m [38;5;3m[EventsGateway] [39m[32mWebSocket Gateway initialized[39m
[32m[Nest] 52048  - [39m06/05/2026, 6:43:55 AM [32m    LOG[39m [38;5;3m[WebSocketsController] [39m[32mEventsGateway subscribed to the "subscribe:dataset" message[39m[38;5;3m +1ms[39m
[32m[Nest] 52048  - [39m06/05/2026, 6:43:55 AM [32m    LOG[39m [38;5;3m[WebSocketsController] [39m[32mEventsGateway subscribed to the "unsubscribe:dataset" message[39m[38;5;3m +0ms[39m
[32m[Nest] 52048  - [39m06/05/2026, 6:43:55 AM [32m    LOG[39m [38;5;3m[RoutesResolver] [39m[32mAuthController {/auth}:[39m[38;5;3m +3ms[39m
[32m[Nest] 52048  - [39m06/05/2026, 6:43:55 AM [32m    LOG[39m [38;5;3m[RouterExplorer] [39m[32mMapped {/auth/login, POST} route[39m[38;5;3m +3ms[39m
[32m[Nest] 52048  - [39m06/05/2026, 6:43:55 AM [32m    LOG[39m [38;5;3m[RouterExplorer] [39m[32mMapped {/auth/refresh, POST} route[39m[38;5;3m +1ms[39m
[32m[Nest] 52048  - [39m06/05/2026, 6:43:55 AM [32m    LOG[39m [38;5;3m[RouterExplorer] [39m[32mMapped {/auth/logout, POST} route[39m[38;5;3m +1ms[39m
[32m[Nest] 52048  - [39m06/05/2026, 6:43:55 AM [32m    LOG[39m [38;5;3m[RouterExplorer] [39m[32mMapped {/auth/change-password, POST} route[39m[38;5;3m +0ms[39m
[32m[Nest] 52048  - [39m06/05/2026, 6:43:55 AM [32m    LOG[39m [38;5;3m[RoutesResolver] [39m[32mSchedulesController {/schedules}:[39m[38;5;3m +1ms[39m
[32m[Nest] 52048  - [39m06/05/2026, 6:43:55 AM [32m    LOG[39m [38;5;3m[RouterExplorer] [39m[32mMapped {/schedules, GET} route[39m[38;5;3m +1ms[39m
[32m[Nest] 52048  - [39m06/05/2026, 6:43:55 AM [32m    LOG[39m [38;5;3m[RouterExplorer] [39m[32mMapped {/schedules/:datasetId, PUT} route[39m[38;5;3m +1ms[39m
[32m[Nest] 52048  - [39m06/05/2026, 6:43:55 AM [32m    LOG[39m [38;5;3m[RouterExplorer] [39m[32mMapped {/schedules/:datasetId/trigger, POST} route[39m[38;5;3m +0ms[39m
[32m[Nest] 52048  - [39m06/05/2026, 6:43:55 AM [32m    LOG[39m [38;5;3m[RoutesResolver] [39m[32mConditionsController {/conditions}:[39m[38;5;3m +1ms[39m
[32m[Nest] 52048  - [39m06/05/2026, 6:43:55 AM [32m    LOG[39m [38;5;3m[RouterExplorer] [39m[32mMapped {/conditions, GET} route[39m[38;5;3m +0ms[39m
[32m[Nest] 52048  - [39m06/05/2026, 6:43:55 AM [32m    LOG[39m [38;5;3m[RouterExplorer] [39m[32mMapped {/conditions, POST} route[39m[38;5;3m +1ms[39m
[32m[Nest] 52048  - [39m06/05/2026, 6:43:55 AM [32m    LOG[39m [38;5;3m[RouterExplorer] [39m[32mMapped {/conditions/:id, PUT} route[39m[38;5;3m +1ms[39m
[32m[Nest] 52048  - [39m06/05/2026, 6:43:55 AM [32m    LOG[39m [38;5;3m[RouterExplorer] [39m[32mMapped {/conditions/:id, DELETE} route[39m[38;5;3m +1ms[39m
[32m[Nest] 52048  - [39m06/05/2026, 6:43:55 AM [32m    LOG[39m [38;5;3m[RouterExplorer] [39m[32mMapped {/conditions/test-notify-preview, POST} route[39m[38;5;3m +0ms[39m
[32m[Nest] 52048  - [39m06/05/2026, 6:43:55 AM [32m    LOG[39m [38;5;3m[RouterExplorer] [39m[32mMapped {/conditions/:id/preview, POST} route[39m[38;5;3m +0ms[39m
[32m[Nest] 52048  - [39m06/05/2026, 6:43:55 AM [32m    LOG[39m [38;5;3m[RouterExplorer] [39m[32mMapped {/conditions/:id/trigger-now, POST} route[39m[38;5;3m +1ms[39m
[32m[Nest] 52048  - [39m06/05/2026, 6:43:55 AM [32m    LOG[39m [38;5;3m[RouterExplorer] [39m[32mMapped {/conditions/:id/test-notify, POST} route[39m[38;5;3m +0ms[39m
[32m[Nest] 52048  - [39m06/05/2026, 6:43:55 AM [32m    LOG[39m [38;5;3m[RoutesResolver] [39m[32mNotificationsController {/notifications}:[39m[38;5;3m +0ms[39m
[32m[Nest] 52048  - [39m06/05/2026, 6:43:55 AM [32m    LOG[39m [38;5;3m[RouterExplorer] [39m[32mMapped {/notifications, GET} route[39m[38;5;3m +1ms[39m
[32m[Nest] 52048  - [39m06/05/2026, 6:43:55 AM [32m    LOG[39m [38;5;3m[RouterExplorer] [39m[32mMapped {/notifications/:id/retry, POST} route[39m[38;5;3m +0ms[39m
[32m[Nest] 52048  - [39m06/05/2026, 6:43:55 AM [32m    LOG[39m [38;5;3m[RoutesResolver] [39m[32mDashboardController {/dashboard}:[39m[38;5;3m +0ms[39m
[32m[Nest] 52048  - [39m06/05/2026, 6:43:55 AM [32m    LOG[39m [38;5;3m[RouterExplorer] [39m[32mMapped {/dashboard/datasets, GET} route[39m[38;5;3m +0ms[39m
[32m[Nest] 52048  - [39m06/05/2026, 6:43:55 AM [32m    LOG[39m [38;5;3m[RouterExplorer] [39m[32mMapped {/dashboard/:datasetId/data, GET} route[39m[38;5;3m +1ms[39m
[32m[Nest] 52048  - [39m06/05/2026, 6:43:55 AM [32m    LOG[39m [38;5;3m[RouterExplorer] [39m[32mMapped {/dashboard/:datasetId/matrix, GET} route[39m[38;5;3m +0ms[39m
[32m[Nest] 52048  - [39m06/05/2026, 6:43:55 AM [32m    LOG[39m [38;5;3m[RouterExplorer] [39m[32mMapped {/dashboard/:datasetId/refresh, POST} route[39m[38;5;3m +0ms[39m
[32m[Nest] 52048  - [39m06/05/2026, 6:43:55 AM [32m    LOG[39m [38;5;3m[RouterExplorer] [39m[32mMapped {/dashboard/:datasetId/history, GET} route[39m[38;5;3m +1ms[39m
[32m[Nest] 52048  - [39m06/05/2026, 6:43:55 AM [32m    LOG[39m [38;5;3m[RoutesResolver] [39m[32mExportController {/export}:[39m[38;5;3m +0ms[39m
[32m[Nest] 52048  - [39m06/05/2026, 6:43:55 AM [32m    LOG[39m [38;5;3m[RouterExplorer] [39m[32mMapped {/export/:datasetId/csv, GET} route[39m[38;5;3m +0ms[39m
[32m[Nest] 52048  - [39m06/05/2026, 6:43:55 AM [32m    LOG[39m [38;5;3m[RouterExplorer] [39m[32mMapped {/export/:datasetId/excel, GET} route[39m[38;5;3m +1ms[39m
[32m[Nest] 52048  - [39m06/05/2026, 6:43:55 AM [32m    LOG[39m [38;5;3m[RoutesResolver] [39m[32mAdminUsersController {/admin/users}:[39m[38;5;3m +0ms[39m
[32m[Nest] 52048  - [39m06/05/2026, 6:43:55 AM [32m    LOG[39m [38;5;3m[RouterExplorer] [39m[32mMapped {/admin/users, GET} route[39m[38;5;3m +0ms[39m
[32m[Nest] 52048  - [39m06/05/2026, 6:43:55 AM [32m    LOG[39m [38;5;3m[RouterExplorer] [39m[32mMapped {/admin/users, POST} route[39m[38;5;3m +0ms[39m
[32m[Nest] 52048  - [39m06/05/2026, 6:43:55 AM [32m    LOG[39m [38;5;3m[RouterExplorer] [39m[32mMapped {/admin/users/:id, PUT} route[39m[38;5;3m +1ms[39m
[32m[Nest] 52048  - [39m06/05/2026, 6:43:55 AM [32m    LOG[39m [38;5;3m[RouterExplorer] [39m[32mMapped {/admin/users/:id/deactivate, POST} route[39m[38;5;3m +0ms[39m
[32m[Nest] 52048  - [39m06/05/2026, 6:43:55 AM [32m    LOG[39m [38;5;3m[RouterExplorer] [39m[32mMapped {/admin/users/:id/sessions, GET} route[39m[38;5;3m +0ms[39m
[32m[Nest] 52048  - [39m06/05/2026, 6:43:55 AM [32m    LOG[39m [38;5;3m[RouterExplorer] [39m[32mMapped {/admin/users/:id/sessions/:sid, DELETE} route[39m[38;5;3m +1ms[39m
[32m[Nest] 52048  - [39m06/05/2026, 6:43:55 AM [32m    LOG[39m [38;5;3m[RoutesResolver] [39m[32mAdminDatasetsController {/admin/datasets}:[39m[38;5;3m +0ms[39m
[32m[Nest] 52048  - [39m06/05/2026, 6:43:55 AM [32m    LOG[39m [38;5;3m[RouterExplorer] [39m[32mMapped {/admin/datasets, GET} route[39m[38;5;3m +0ms[39m
[32m[Nest] 52048  - [39m06/05/2026, 6:43:55 AM [32m    LOG[39m [38;5;3m[RouterExplorer] [39m[32mMapped {/admin/datasets, POST} route[39m[38;5;3m +0ms[39m
[32m[Nest] 52048  - [39m06/05/2026, 6:43:55 AM [32m    LOG[39m [38;5;3m[RouterExplorer] [39m[32mMapped {/admin/datasets/:id, PUT} route[39m[38;5;3m +1ms[39m
[32m[Nest] 52048  - [39m06/05/2026, 6:43:55 AM [32m    LOG[39m [38;5;3m[RouterExplorer] [39m[32mMapped {/admin/datasets/:id, DELETE} route[39m[38;5;3m +0ms[39m
[32m[Nest] 52048  - [39m06/05/2026, 6:43:55 AM [32m    LOG[39m [38;5;3m[RouterExplorer] [39m[32mMapped {/admin/datasets/validate-sql, POST} route[39m[38;5;3m +0ms[39m
[32m[Nest] 52048  - [39m06/05/2026, 6:43:55 AM [32m    LOG[39m [38;5;3m[RoutesResolver] [39m[32mAdminDatasourcesController {/admin/datasources}:[39m[38;5;3m +0ms[39m
[32m[Nest] 52048  - [39m06/05/2026, 6:43:55 AM [32m    LOG[39m [38;5;3m[RouterExplorer] [39m[32mMapped {/admin/datasources, GET} route[39m[38;5;3m +0ms[39m
[32m[Nest] 52048  - [39m06/05/2026, 6:43:55 AM [32m    LOG[39m [38;5;3m[RouterExplorer] [39m[32mMapped {/admin/datasources/:id, GET} route[39m[38;5;3m +0ms[39m
[32m[Nest] 52048  - [39m06/05/2026, 6:43:55 AM [32m    LOG[39m [38;5;3m[RouterExplorer] [39m[32mMapped {/admin/datasources, POST} route[39m[38;5;3m +1ms[39m
[32m[Nest] 52048  - [39m06/05/2026, 6:43:55 AM [32m    LOG[39m [38;5;3m[RouterExplorer] [39m[32mMapped {/admin/datasources/:id, PUT} route[39m[38;5;3m +0ms[39m
[32m[Nest] 52048  - [39m06/05/2026, 6:43:55 AM [32m    LOG[39m [38;5;3m[RouterExplorer] [39m[32mMapped {/admin/datasources/:id, DELETE} route[39m[38;5;3m +0ms[39m
[32m[Nest] 52048  - [39m06/05/2026, 6:43:55 AM [32m    LOG[39m [38;5;3m[RouterExplorer] [39m[32mMapped {/admin/datasources/test-connection, POST} route[39m[38;5;3m +1ms[39m
[32m[Nest] 52048  - [39m06/05/2026, 6:43:55 AM [32m    LOG[39m [38;5;3m[RoutesResolver] [39m[32mSettingsController {/admin/settings}:[39m[38;5;3m +0ms[39m
[32m[Nest] 52048  - [39m06/05/2026, 6:43:55 AM [32m    LOG[39m [38;5;3m[RouterExplorer] [39m[32mMapped {/admin/settings, GET} route[39m[38;5;3m +0ms[39m
[32m[Nest] 52048  - [39m06/05/2026, 6:43:55 AM [32m    LOG[39m [38;5;3m[RouterExplorer] [39m[32mMapped {/admin/settings, PUT} route[39m[38;5;3m +1ms[39m
[32m[Nest] 52048  - [39m06/05/2026, 6:43:55 AM [32m    LOG[39m [38;5;3m[RouterExplorer] [39m[32mMapped {/admin/settings/test-jerasoft, POST} route[39m[38;5;3m +0ms[39m
[32m[Nest] 52048  - [39m06/05/2026, 6:43:55 AM [32m    LOG[39m [38;5;3m[RouterExplorer] [39m[32mMapped {/admin/settings/test-graph, POST} route[39m[38;5;3m +0ms[39m
[32m[Nest] 52048  - [39m06/05/2026, 6:43:55 AM [32m    LOG[39m [38;5;3m[RouterExplorer] [39m[32mMapped {/admin/settings/test-teams, POST} route[39m[38;5;3m +0ms[39m
[32m[Nest] 52048  - [39m06/05/2026, 6:43:55 AM [32m    LOG[39m [38;5;3m[RouterExplorer] [39m[32mMapped {/admin/settings/rotate-key, POST} route[39m[38;5;3m +0ms[39m
[32m[Nest] 52048  - [39m06/05/2026, 6:43:55 AM [32m    LOG[39m [38;5;3m[RoutesResolver] [39m[32mAuditLogController {/admin/audit-log}:[39m[38;5;3m +0ms[39m
[32m[Nest] 52048  - [39m06/05/2026, 6:43:55 AM [32m    LOG[39m [38;5;3m[RouterExplorer] [39m[32mMapped {/admin/audit-log, GET} route[39m[38;5;3m +1ms[39m
[32m[Nest] 52048  - [39m06/05/2026, 6:43:55 AM [32m    LOG[39m [38;5;3m[RouterExplorer] [39m[32mMapped {/admin/audit-log/export, GET} route[39m[38;5;3m +0ms[39m
[32m[Nest] 52048  - [39m06/05/2026, 6:43:55 AM [32m    LOG[39m [38;5;3m[RoutesResolver] [39m[32mHealthController {/system}:[39m[38;5;3m +0ms[39m
[32m[Nest] 52048  - [39m06/05/2026, 6:43:55 AM [32m    LOG[39m [38;5;3m[RouterExplorer] [39m[32mMapped {/system/health, GET} route[39m[38;5;3m +0ms[39m
[32m[Nest] 52048  - [39m06/05/2026, 6:43:55 AM [32m    LOG[39m [38;5;3m[RoutesResolver] [39m[32mZamaniReportController {/reports/zamani}:[39m[38;5;3m +0ms[39m
[32m[Nest] 52048  - [39m06/05/2026, 6:43:55 AM [32m    LOG[39m [38;5;3m[RouterExplorer] [39m[32mMapped {/reports/zamani/filters, GET} route[39m[38;5;3m +0ms[39m
[32m[Nest] 52048  - [39m06/05/2026, 6:43:55 AM [32m    LOG[39m [38;5;3m[RouterExplorer] [39m[32mMapped {/reports/zamani/yesterday, GET} route[39m[38;5;3m +1ms[39m
[32m[Nest] 52048  - [39m06/05/2026, 6:43:55 AM [32m    LOG[39m [38;5;3m[RouterExplorer] [39m[32mMapped {/reports/zamani/comparison, GET} route[39m[38;5;3m +0ms[39m
[32m[Nest] 52048  - [39m06/05/2026, 6:43:55 AM [32m    LOG[39m [38;5;3m[RouterExplorer] [39m[32mMapped {/reports/zamani/mtd, GET} route[39m[38;5;3m +0ms[39m
[32m[Nest] 52048  - [39m06/05/2026, 6:43:55 AM [32m    LOG[39m [38;5;3m[RouterExplorer] [39m[32mMapped {/reports/zamani/projections, GET} route[39m[38;5;3m +0ms[39m
[32m[Nest] 52048  - [39m06/05/2026, 6:43:55 AM [32m    LOG[39m [38;5;3m[RouterExplorer] [39m[32mMapped {/reports/zamani/targets, GET} route[39m[38;5;3m +1ms[39m
[32m[Nest] 52048  - [39m06/05/2026, 6:43:55 AM [32m    LOG[39m [38;5;3m[RouterExplorer] [39m[32mMapped {/reports/zamani/targets, POST} route[39m[38;5;3m +0ms[39m
[32m[Nest] 52048  - [39m06/05/2026, 6:43:55 AM [32m    LOG[39m [38;5;3m[JerasoftService] [39m[32mJerasoft database connection established[39m
[32m[Nest] 52048  - [39m06/05/2026, 6:43:55 AM [32m    LOG[39m [38;5;3m[SchedulerService] [39m[32mLoading 3 active datasets for scheduling[39m
[32m[Nest] 52048  - [39m06/05/2026, 6:43:55 AM [32m    LOG[39m [38;5;3m[SchedulerService] [39m[32mScheduled dataset: Clients (*/45 * * * *)[39m
[32m[Nest] 52048  - [39m06/05/2026, 6:43:55 AM [32m    LOG[39m [38;5;3m[SchedulerService] [39m[32mScheduled dataset: Pre-Payment CL (0 */6 * * *)[39m
[32m[Nest] 52048  - [39m06/05/2026, 6:43:55 AM [32m    LOG[39m [38;5;3m[SchedulerService] [39m[32mScheduled dataset: Zamani Traffic (0 1 * * *)[39m
[32m[Nest] 52048  - [39m06/05/2026, 6:43:55 AM [32m    LOG[39m [38;5;3m[ConditionSchedulerService] [39m[32mRegistered 0 condition trigger job(s)[39m
[32m[Nest] 52048  - [39m06/05/2026, 6:43:55 AM [32m    LOG[39m [38;5;3m[NestApplication] [39m[32mNest application successfully started[39m[38;5;3m +15ms[39m
[31m[Nest] 52048  - [39m06/05/2026, 6:43:55 AM [31m  ERROR[39m [38;5;3m[NestApplication] [39m[31mError: listen EADDRINUSE: address already in use :::3001[39m[38;5;3m +2ms[39m
Failed to start AMS backend: Error: listen EADDRINUSE: address already in use :::3001
    at Server.setupListenHandle [as _listen2] (node:net:1908:16)
    at listenInCluster (node:net:1965:12)
    at Server.listen (node:net:2067:7)
    at ExpressAdapter.listen (C:\Users\bidbadmin\PyCharmMiscProject\AMS\backend\node_modules\@nestjs\platform-express\adapters\express-adapter.js:95:32)
    at C:\Users\bidbadmin\PyCharmMiscProject\AMS\backend\node_modules\@nestjs\core\nest-application.js:183:30
    at new Promise (<anonymous>)
    at NestApplication.listen (C:\Users\bidbadmin\PyCharmMiscProject\AMS\backend\node_modules\@nestjs\core\nest-application.js:173:16)
    at process.processTicksAndRejections (node:internal/process/task_queues:95:5)
    at async bootstrap (C:\Users\bidbadmin\PyCharmMiscProject\AMS\backend\src\main.ts:71:3) {
  code: 'EADDRINUSE',
  errno: -4091,
  syscall: 'listen',
  address: '::',
  port: 3001
}
[2J[3J[H[[90m6:43:56 AM[0m] File change detected. Starting incremental compilation...

[[90m6:43:57 AM[0m] Found 0 errors. Watching for file changes.

[32m[Nest] 13920  - [39m06/05/2026, 6:44:01 AM [32m    LOG[39m [38;5;3m[NestFactory] [39m[32mStarting Nest application...[39m
[32m[Nest] 13920  - [39m06/05/2026, 6:44:01 AM [32m    LOG[39m [38;5;3m[InstanceLoader] [39m[32mAppModule dependencies initialized[39m[38;5;3m +55ms[39m
[32m[Nest] 13920  - [39m06/05/2026, 6:44:01 AM [32m    LOG[39m [38;5;3m[InstanceLoader] [39m[32mTypeOrmModule dependencies initialized[39m[38;5;3m +0ms[39m
[32m[Nest] 13920  - [39m06/05/2026, 6:44:01 AM [32m    LOG[39m [38;5;3m[InstanceLoader] [39m[32mPassportModule dependencies initialized[39m[38;5;3m +0ms[39m
[32m[Nest] 13920  - [39m06/05/2026, 6:44:01 AM [32m    LOG[39m [38;5;3m[InstanceLoader] [39m[32mConfigHostModule dependencies initialized[39m[38;5;3m +1ms[39m
[32m[Nest] 13920  - [39m06/05/2026, 6:44:01 AM [32m    LOG[39m [38;5;3m[InstanceLoader] [39m[32mDiscoveryModule dependencies initialized[39m[38;5;3m +0ms[39m
[32m[Nest] 13920  - [39m06/05/2026, 6:44:01 AM [32m    LOG[39m [38;5;3m[InstanceLoader] [39m[32mConfigModule dependencies initialized[39m[38;5;3m +1ms[39m
[32m[Nest] 13920  - [39m06/05/2026, 6:44:01 AM [32m    LOG[39m [38;5;3m[InstanceLoader] [39m[32mConfigModule dependencies initialized[39m[38;5;3m +0ms[39m
[32m[Nest] 13920  - [39m06/05/2026, 6:44:01 AM [32m    LOG[39m [38;5;3m[InstanceLoader] [39m[32mScheduleModule dependencies initialized[39m[38;5;3m +2ms[39m
[32m[Nest] 13920  - [39m06/05/2026, 6:44:01 AM [32m    LOG[39m [38;5;3m[InstanceLoader] [39m[32mJerasoftModule dependencies initialized[39m[38;5;3m +21ms[39m
[32m[Nest] 13920  - [39m06/05/2026, 6:44:01 AM [32m    LOG[39m [38;5;3m[InstanceLoader] [39m[32mCredentialsModule dependencies initialized[39m[38;5;3m +1ms[39m
[32m[Nest] 13920  - [39m06/05/2026, 6:44:01 AM [32m    LOG[39m [38;5;3m[InstanceLoader] [39m[32mJwtModule dependencies initialized[39m[38;5;3m +0ms[39m
[32m[Nest] 13920  - [39m06/05/2026, 6:44:01 AM [32m    LOG[39m [38;5;3m[InstanceLoader] [39m[32mWebsocketModule dependencies initialized[39m[38;5;3m +0ms[39m
[32m[Nest] 13920  - [39m06/05/2026, 6:44:01 AM [32m    LOG[39m [38;5;3m[InstanceLoader] [39m[32mTypeOrmCoreModule dependencies initialized[39m[38;5;3m +134ms[39m
[32m[Nest] 13920  - [39m06/05/2026, 6:44:01 AM [32m    LOG[39m [38;5;3m[InstanceLoader] [39m[32mTypeOrmModule dependencies initialized[39m[38;5;3m +0ms[39m
[32m[Nest] 13920  - [39m06/05/2026, 6:44:01 AM [32m    LOG[39m [38;5;3m[InstanceLoader] [39m[32mTypeOrmModule dependencies initialized[39m[38;5;3m +0ms[39m
[32m[Nest] 13920  - [39m06/05/2026, 6:44:01 AM [32m    LOG[39m [38;5;3m[InstanceLoader] [39m[32mTypeOrmModule dependencies initialized[39m[38;5;3m +1ms[39m
[32m[Nest] 13920  - [39m06/05/2026, 6:44:01 AM [32m    LOG[39m [38;5;3m[InstanceLoader] [39m[32mTypeOrmModule dependencies initialized[39m[38;5;3m +0ms[39m
[32m[Nest] 13920  - [39m06/05/2026, 6:44:01 AM [32m    LOG[39m [38;5;3m[InstanceLoader] [39m[32mTypeOrmModule dependencies initialized[39m[38;5;3m +0ms[39m
[32m[Nest] 13920  - [39m06/05/2026, 6:44:01 AM [32m    LOG[39m [38;5;3m[InstanceLoader] [39m[32mTypeOrmModule dependencies initialized[39m[38;5;3m +0ms[39m
[32m[Nest] 13920  - [39m06/05/2026, 6:44:01 AM [32m    LOG[39m [38;5;3m[InstanceLoader] [39m[32mTypeOrmModule dependencies initialized[39m[38;5;3m +0ms[39m
[32m[Nest] 13920  - [39m06/05/2026, 6:44:01 AM [32m    LOG[39m [38;5;3m[InstanceLoader] [39m[32mTypeOrmModule dependencies initialized[39m[38;5;3m +0ms[39m
[32m[Nest] 13920  - [39m06/05/2026, 6:44:01 AM [32m    LOG[39m [38;5;3m[InstanceLoader] [39m[32mTypeOrmModule dependencies initialized[39m[38;5;3m +0ms[39m
[32m[Nest] 13920  - [39m06/05/2026, 6:44:01 AM [32m    LOG[39m [38;5;3m[InstanceLoader] [39m[32mTypeOrmModule dependencies initialized[39m[38;5;3m +0ms[39m
[32m[Nest] 13920  - [39m06/05/2026, 6:44:01 AM [32m    LOG[39m [38;5;3m[InstanceLoader] [39m[32mTypeOrmModule dependencies initialized[39m[38;5;3m +0ms[39m
[32m[Nest] 13920  - [39m06/05/2026, 6:44:01 AM [32m    LOG[39m [38;5;3m[InstanceLoader] [39m[32mAuditModule dependencies initialized[39m[38;5;3m +2ms[39m
[32m[Nest] 13920  - [39m06/05/2026, 6:44:01 AM [32m    LOG[39m [38;5;3m[InstanceLoader] [39m[32mExternalDatasourcesModule dependencies initialized[39m[38;5;3m +0ms[39m
[32m[Nest] 13920  - [39m06/05/2026, 6:44:01 AM [32m    LOG[39m [38;5;3m[InstanceLoader] [39m[32mSystemModule dependencies initialized[39m[38;5;3m +4ms[39m
[32m[Nest] 13920  - [39m06/05/2026, 6:44:01 AM [32m    LOG[39m [38;5;3m[InstanceLoader] [39m[32mDatasetsModule dependencies initialized[39m[38;5;3m +1ms[39m
[32m[Nest] 13920  - [39m06/05/2026, 6:44:01 AM [32m    LOG[39m [38;5;3m[InstanceLoader] [39m[32mStageModule dependencies initialized[39m[38;5;3m +0ms[39m
[32m[Nest] 13920  - [39m06/05/2026, 6:44:01 AM [32m    LOG[39m [38;5;3m[InstanceLoader] [39m[32mAuditLogModule dependencies initialized[39m[38;5;3m +5ms[39m
[32m[Nest] 13920  - [39m06/05/2026, 6:44:01 AM [32m    LOG[39m [38;5;3m[InstanceLoader] [39m[32mZamaniReportModule dependencies initialized[39m[38;5;3m +0ms[39m
[32m[Nest] 13920  - [39m06/05/2026, 6:44:01 AM [32m    LOG[39m [38;5;3m[InstanceLoader] [39m[32mExportModule dependencies initialized[39m[38;5;3m +1ms[39m
[32m[Nest] 13920  - [39m06/05/2026, 6:44:01 AM [32m    LOG[39m [38;5;3m[InstanceLoader] [39m[32mDashboardModule dependencies initialized[39m[38;5;3m +1ms[39m
[32m[Nest] 13920  - [39m06/05/2026, 6:44:01 AM [32m    LOG[39m [38;5;3m[InstanceLoader] [39m[32mAuthModule dependencies initialized[39m[38;5;3m +0ms[39m
[32m[Nest] 13920  - [39m06/05/2026, 6:44:01 AM [32m    LOG[39m [38;5;3m[InstanceLoader] [39m[32mNotificationsModule dependencies initialized[39m[38;5;3m +1ms[39m
[32m[Nest] 13920  - [39m06/05/2026, 6:44:01 AM [32m    LOG[39m [38;5;3m[InstanceLoader] [39m[32mAdminDatasourcesModule dependencies initialized[39m[38;5;3m +0ms[39m
[32m[Nest] 13920  - [39m06/05/2026, 6:44:01 AM [32m    LOG[39m [38;5;3m[InstanceLoader] [39m[32mAdminUsersModule dependencies initialized[39m[38;5;3m +0ms[39m
[32m[Nest] 13920  - [39m06/05/2026, 6:44:01 AM [32m    LOG[39m [38;5;3m[InstanceLoader] [39m[32mSettingsModule dependencies initialized[39m[38;5;3m +0ms[39m
[32m[Nest] 13920  - [39m06/05/2026, 6:44:01 AM [32m    LOG[39m [38;5;3m[InstanceLoader] [39m[32mSchedulerModule dependencies initialized[39m[38;5;3m +1ms[39m
[32m[Nest] 13920  - [39m06/05/2026, 6:44:01 AM [32m    LOG[39m [38;5;3m[InstanceLoader] [39m[32mAdminDatasetsModule dependencies initialized[39m[38;5;3m +0ms[39m
[32m[Nest] 13920  - [39m06/05/2026, 6:44:01 AM [32m    LOG[39m [38;5;3m[InstanceLoader] [39m[32mConditionsModule dependencies initialized[39m[38;5;3m +0ms[39m
[32m[Nest] 13920  - [39m06/05/2026, 6:44:01 AM [32m    LOG[39m [38;5;3m[EventsGateway] [39m[32mWebSocket Gateway initialized[39m
[32m[Nest] 13920  - [39m06/05/2026, 6:44:01 AM [32m    LOG[39m [38;5;3m[WebSocketsController] [39m[32mEventsGateway subscribed to the "subscribe:dataset" message[39m[38;5;3m +1ms[39m
[32m[Nest] 13920  - [39m06/05/2026, 6:44:01 AM [32m    LOG[39m [38;5;3m[WebSocketsController] [39m[32mEventsGateway subscribed to the "unsubscribe:dataset" message[39m[38;5;3m +0ms[39m
[32m[Nest] 13920  - [39m06/05/2026, 6:44:01 AM [32m    LOG[39m [38;5;3m[RoutesResolver] [39m[32mAuthController {/auth}:[39m[38;5;3m +3ms[39m
[32m[Nest] 13920  - [39m06/05/2026, 6:44:01 AM [32m    LOG[39m [38;5;3m[RouterExplorer] [39m[32mMapped {/auth/login, POST} route[39m[38;5;3m +3ms[39m
[32m[Nest] 13920  - [39m06/05/2026, 6:44:01 AM [32m    LOG[39m [38;5;3m[RouterExplorer] [39m[32mMapped {/auth/refresh, POST} route[39m[38;5;3m +1ms[39m
[32m[Nest] 13920  - [39m06/05/2026, 6:44:01 AM [32m    LOG[39m [38;5;3m[RouterExplorer] [39m[32mMapped {/auth/logout, POST} route[39m[38;5;3m +1ms[39m
[32m[Nest] 13920  - [39m06/05/2026, 6:44:01 AM [32m    LOG[39m [38;5;3m[RouterExplorer] [39m[32mMapped {/auth/change-password, POST} route[39m[38;5;3m +1ms[39m
[32m[Nest] 13920  - [39m06/05/2026, 6:44:01 AM [32m    LOG[39m [38;5;3m[RoutesResolver] [39m[32mSchedulesController {/schedules}:[39m[38;5;3m +0ms[39m
[32m[Nest] 13920  - [39m06/05/2026, 6:44:01 AM [32m    LOG[39m [38;5;3m[RouterExplorer] [39m[32mMapped {/schedules, GET} route[39m[38;5;3m +1ms[39m
[32m[Nest] 13920  - [39m06/05/2026, 6:44:01 AM [32m    LOG[39m [38;5;3m[RouterExplorer] [39m[32mMapped {/schedules/:datasetId, PUT} route[39m[38;5;3m +1ms[39m
[32m[Nest] 13920  - [39m06/05/2026, 6:44:01 AM [32m    LOG[39m [38;5;3m[RouterExplorer] [39m[32mMapped {/schedules/:datasetId/trigger, POST} route[39m[38;5;3m +0ms[39m
[32m[Nest] 13920  - [39m06/05/2026, 6:44:01 AM [32m    LOG[39m [38;5;3m[RoutesResolver] [39m[32mConditionsController {/conditions}:[39m[38;5;3m +1ms[39m
[32m[Nest] 13920  - [39m06/05/2026, 6:44:01 AM [32m    LOG[39m [38;5;3m[RouterExplorer] [39m[32mMapped {/conditions, GET} route[39m[38;5;3m +0ms[39m
[32m[Nest] 13920  - [39m06/05/2026, 6:44:01 AM [32m    LOG[39m [38;5;3m[RouterExplorer] [39m[32mMapped {/conditions, POST} route[39m[38;5;3m +1ms[39m
[32m[Nest] 13920  - [39m06/05/2026, 6:44:01 AM [32m    LOG[39m [38;5;3m[RouterExplorer] [39m[32mMapped {/conditions/:id, PUT} route[39m[38;5;3m +1ms[39m
[32m[Nest] 13920  - [39m06/05/2026, 6:44:01 AM [32m    LOG[39m [38;5;3m[RouterExplorer] [39m[32mMapped {/conditions/:id, DELETE} route[39m[38;5;3m +1ms[39m
[32m[Nest] 13920  - [39m06/05/2026, 6:44:01 AM [32m    LOG[39m [38;5;3m[RouterExplorer] [39m[32mMapped {/conditions/test-notify-preview, POST} route[39m[38;5;3m +0ms[39m
[32m[Nest] 13920  - [39m06/05/2026, 6:44:01 AM [32m    LOG[39m [38;5;3m[RouterExplorer] [39m[32mMapped {/conditions/:id/preview, POST} route[39m[38;5;3m +0ms[39m
[32m[Nest] 13920  - [39m06/05/2026, 6:44:01 AM [32m    LOG[39m [38;5;3m[RouterExplorer] [39m[32mMapped {/conditions/:id/trigger-now, POST} route[39m[38;5;3m +1ms[39m
[32m[Nest] 13920  - [39m06/05/2026, 6:44:01 AM [32m    LOG[39m [38;5;3m[RouterExplorer] [39m[32mMapped {/conditions/:id/test-notify, POST} route[39m[38;5;3m +0ms[39m
[32m[Nest] 13920  - [39m06/05/2026, 6:44:01 AM [32m    LOG[39m [38;5;3m[RoutesResolver] [39m[32mNotificationsController {/notifications}:[39m[38;5;3m +0ms[39m
[32m[Nest] 13920  - [39m06/05/2026, 6:44:01 AM [32m    LOG[39m [38;5;3m[RouterExplorer] [39m[32mMapped {/notifications, GET} route[39m[38;5;3m +1ms[39m
[32m[Nest] 13920  - [39m06/05/2026, 6:44:01 AM [32m    LOG[39m [38;5;3m[RouterExplorer] [39m[32mMapped {/notifications/:id/retry, POST} route[39m[38;5;3m +0ms[39m
[32m[Nest] 13920  - [39m06/05/2026, 6:44:01 AM [32m    LOG[39m [38;5;3m[RoutesResolver] [39m[32mDashboardController {/dashboard}:[39m[38;5;3m +0ms[39m
[32m[Nest] 13920  - [39m06/05/2026, 6:44:01 AM [32m    LOG[39m [38;5;3m[RouterExplorer] [39m[32mMapped {/dashboard/datasets, GET} route[39m[38;5;3m +0ms[39m
[32m[Nest] 13920  - [39m06/05/2026, 6:44:01 AM [32m    LOG[39m [38;5;3m[RouterExplorer] [39m[32mMapped {/dashboard/:datasetId/data, GET} route[39m[38;5;3m +0ms[39m
[32m[Nest] 13920  - [39m06/05/2026, 6:44:01 AM [32m    LOG[39m [38;5;3m[RouterExplorer] [39m[32mMapped {/dashboard/:datasetId/matrix, GET} route[39m[38;5;3m +1ms[39m
[32m[Nest] 13920  - [39m06/05/2026, 6:44:01 AM [32m    LOG[39m [38;5;3m[RouterExplorer] [39m[32mMapped {/dashboard/:datasetId/refresh, POST} route[39m[38;5;3m +0ms[39m
[32m[Nest] 13920  - [39m06/05/2026, 6:44:01 AM [32m    LOG[39m [38;5;3m[RouterExplorer] [39m[32mMapped {/dashboard/:datasetId/history, GET} route[39m[38;5;3m +0ms[39m
[32m[Nest] 13920  - [39m06/05/2026, 6:44:01 AM [32m    LOG[39m [38;5;3m[RoutesResolver] [39m[32mExportController {/export}:[39m[38;5;3m +1ms[39m
[32m[Nest] 13920  - [39m06/05/2026, 6:44:01 AM [32m    LOG[39m [38;5;3m[RouterExplorer] [39m[32mMapped {/export/:datasetId/csv, GET} route[39m[38;5;3m +0ms[39m
[32m[Nest] 13920  - [39m06/05/2026, 6:44:01 AM [32m    LOG[39m [38;5;3m[RouterExplorer] [39m[32mMapped {/export/:datasetId/excel, GET} route[39m[38;5;3m +0ms[39m
[32m[Nest] 13920  - [39m06/05/2026, 6:44:01 AM [32m    LOG[39m [38;5;3m[RoutesResolver] [39m[32mAdminUsersController {/admin/users}:[39m[38;5;3m +0ms[39m
[32m[Nest] 13920  - [39m06/05/2026, 6:44:01 AM [32m    LOG[39m [38;5;3m[RouterExplorer] [39m[32mMapped {/admin/users, GET} route[39m[38;5;3m +1ms[39m
[32m[Nest] 13920  - [39m06/05/2026, 6:44:01 AM [32m    LOG[39m [38;5;3m[RouterExplorer] [39m[32mMapped {/admin/users, POST} route[39m[38;5;3m +0ms[39m
[32m[Nest] 13920  - [39m06/05/2026, 6:44:01 AM [32m    LOG[39m [38;5;3m[RouterExplorer] [39m[32mMapped {/admin/users/:id, PUT} route[39m[38;5;3m +0ms[39m
[32m[Nest] 13920  - [39m06/05/2026, 6:44:01 AM [32m    LOG[39m [38;5;3m[RouterExplorer] [39m[32mMapped {/admin/users/:id/deactivate, POST} route[39m[38;5;3m +1ms[39m
[32m[Nest] 13920  - [39m06/05/2026, 6:44:01 AM [32m    LOG[39m [38;5;3m[RouterExplorer] [39m[32mMapped {/admin/users/:id/sessions, GET} route[39m[38;5;3m +0ms[39m
[32m[Nest] 13920  - [39m06/05/2026, 6:44:01 AM [32m    LOG[39m [38;5;3m[RouterExplorer] [39m[32mMapped {/admin/users/:id/sessions/:sid, DELETE} route[39m[38;5;3m +0ms[39m
[32m[Nest] 13920  - [39m06/05/2026, 6:44:01 AM [32m    LOG[39m [38;5;3m[RoutesResolver] [39m[32mAdminDatasetsController {/admin/datasets}:[39m[38;5;3m +1ms[39m
[32m[Nest] 13920  - [39m06/05/2026, 6:44:01 AM [32m    LOG[39m [38;5;3m[RouterExplorer] [39m[32mMapped {/admin/datasets, GET} route[39m[38;5;3m +0ms[39m
[32m[Nest] 13920  - [39m06/05/2026, 6:44:01 AM [32m    LOG[39m [38;5;3m[RouterExplorer] [39m[32mMapped {/admin/datasets, POST} route[39m[38;5;3m +0ms[39m
[32m[Nest] 13920  - [39m06/05/2026, 6:44:01 AM [32m    LOG[39m [38;5;3m[RouterExplorer] [39m[32mMapped {/admin/datasets/:id, PUT} route[39m[38;5;3m +1ms[39m
[32m[Nest] 13920  - [39m06/05/2026, 6:44:01 AM [32m    LOG[39m [38;5;3m[RouterExplorer] [39m[32mMapped {/admin/datasets/:id, DELETE} route[39m[38;5;3m +0ms[39m
[32m[Nest] 13920  - [39m06/05/2026, 6:44:01 AM [32m    LOG[39m [38;5;3m[RouterExplorer] [39m[32mMapped {/admin/datasets/validate-sql, POST} route[39m[38;5;3m +0ms[39m
[32m[Nest] 13920  - [39m06/05/2026, 6:44:01 AM [32m    LOG[39m [38;5;3m[RoutesResolver] [39m[32mAdminDatasourcesController {/admin/datasources}:[39m[38;5;3m +0ms[39m
[32m[Nest] 13920  - [39m06/05/2026, 6:44:01 AM [32m    LOG[39m [38;5;3m[RouterExplorer] [39m[32mMapped {/admin/datasources, GET} route[39m[38;5;3m +1ms[39m
[32m[Nest] 13920  - [39m06/05/2026, 6:44:01 AM [32m    LOG[39m [38;5;3m[RouterExplorer] [39m[32mMapped {/admin/datasources/:id, GET} route[39m[38;5;3m +0ms[39m
[32m[Nest] 13920  - [39m06/05/2026, 6:44:01 AM [32m    LOG[39m [38;5;3m[RouterExplorer] [39m[32mMapped {/admin/datasources, POST} route[39m[38;5;3m +0ms[39m
[32m[Nest] 13920  - [39m06/05/2026, 6:44:01 AM [32m    LOG[39m [38;5;3m[RouterExplorer] [39m[32mMapped {/admin/datasources/:id, PUT} route[39m[38;5;3m +1ms[39m
[32m[Nest] 13920  - [39m06/05/2026, 6:44:01 AM [32m    LOG[39m [38;5;3m[RouterExplorer] [39m[32mMapped {/admin/datasources/:id, DELETE} route[39m[38;5;3m +0ms[39m
[32m[Nest] 13920  - [39m06/05/2026, 6:44:01 AM [32m    LOG[39m [38;5;3m[RouterExplorer] [39m[32mMapped {/admin/datasources/test-connection, POST} route[39m[38;5;3m +0ms[39m
[32m[Nest] 13920  - [39m06/05/2026, 6:44:01 AM [32m    LOG[39m [38;5;3m[RoutesResolver] [39m[32mSettingsController {/admin/settings}:[39m[38;5;3m +1ms[39m
[32m[Nest] 13920  - [39m06/05/2026, 6:44:01 AM [32m    LOG[39m [38;5;3m[RouterExplorer] [39m[32mMapped {/admin/settings, GET} route[39m[38;5;3m +0ms[39m
[32m[Nest] 13920  - [39m06/05/2026, 6:44:01 AM [32m    LOG[39m [38;5;3m[RouterExplorer] [39m[32mMapped {/admin/settings, PUT} route[39m[38;5;3m +0ms[39m
[32m[Nest] 13920  - [39m06/05/2026, 6:44:01 AM [32m    LOG[39m [38;5;3m[RouterExplorer] [39m[32mMapped {/admin/settings/test-jerasoft, POST} route[39m[38;5;3m +1ms[39m
[32m[Nest] 13920  - [39m06/05/2026, 6:44:01 AM [32m    LOG[39m [38;5;3m[RouterExplorer] [39m[32mMapped {/admin/settings/test-graph, POST} route[39m[38;5;3m +0ms[39m
[32m[Nest] 13920  - [39m06/05/2026, 6:44:01 AM [32m    LOG[39m [38;5;3m[RouterExplorer] [39m[32mMapped {/admin/settings/test-teams, POST} route[39m[38;5;3m +0ms[39m
[32m[Nest] 13920  - [39m06/05/2026, 6:44:01 AM [32m    LOG[39m [38;5;3m[RouterExplorer] [39m[32mMapped {/admin/settings/rotate-key, POST} route[39m[38;5;3m +1ms[39m
[32m[Nest] 13920  - [39m06/05/2026, 6:44:01 AM [32m    LOG[39m [38;5;3m[RoutesResolver] [39m[32mAuditLogController {/admin/audit-log}:[39m[38;5;3m +0ms[39m
[32m[Nest] 13920  - [39m06/05/2026, 6:44:01 AM [32m    LOG[39m [38;5;3m[RouterExplorer] [39m[32mMapped {/admin/audit-log, GET} route[39m[38;5;3m +0ms[39m
[32m[Nest] 13920  - [39m06/05/2026, 6:44:01 AM [32m    LOG[39m [38;5;3m[RouterExplorer] [39m[32mMapped {/admin/audit-log/export, GET} route[39m[38;5;3m +0ms[39m
[32m[Nest] 13920  - [39m06/05/2026, 6:44:01 AM [32m    LOG[39m [38;5;3m[RoutesResolver] [39m[32mHealthController {/system}:[39m[38;5;3m +1ms[39m
[32m[Nest] 13920  - [39m06/05/2026, 6:44:01 AM [32m    LOG[39m [38;5;3m[RouterExplorer] [39m[32mMapped {/system/health, GET} route[39m[38;5;3m +0ms[39m
[32m[Nest] 13920  - [39m06/05/2026, 6:44:01 AM [32m    LOG[39m [38;5;3m[RoutesResolver] [39m[32mZamaniReportController {/reports/zamani}:[39m[38;5;3m +0ms[39m
[32m[Nest] 13920  - [39m06/05/2026, 6:44:01 AM [32m    LOG[39m [38;5;3m[RouterExplorer] [39m[32mMapped {/reports/zamani/filters, GET} route[39m[38;5;3m +0ms[39m
[32m[Nest] 13920  - [39m06/05/2026, 6:44:01 AM [32m    LOG[39m [38;5;3m[RouterExplorer] [39m[32mMapped {/reports/zamani/yesterday, GET} route[39m[38;5;3m +0ms[39m
[32m[Nest] 13920  - [39m06/05/2026, 6:44:01 AM [32m    LOG[39m [38;5;3m[RouterExplorer] [39m[32mMapped {/reports/zamani/comparison, GET} route[39m[38;5;3m +1ms[39m
[32m[Nest] 13920  - [39m06/05/2026, 6:44:01 AM [32m    LOG[39m [38;5;3m[RouterExplorer] [39m[32mMapped {/reports/zamani/mtd, GET} route[39m[38;5;3m +0ms[39m
[32m[Nest] 13920  - [39m06/05/2026, 6:44:01 AM [32m    LOG[39m [38;5;3m[RouterExplorer] [39m[32mMapped {/reports/zamani/projections, GET} route[39m[38;5;3m +0ms[39m
[32m[Nest] 13920  - [39m06/05/2026, 6:44:01 AM [32m    LOG[39m [38;5;3m[RouterExplorer] [39m[32mMapped {/reports/zamani/targets, GET} route[39m[38;5;3m +0ms[39m
[32m[Nest] 13920  - [39m06/05/2026, 6:44:01 AM [32m    LOG[39m [38;5;3m[RouterExplorer] [39m[32mMapped {/reports/zamani/targets, POST} route[39m[38;5;3m +1ms[39m
[32m[Nest] 13920  - [39m06/05/2026, 6:44:01 AM [32m    LOG[39m [38;5;3m[JerasoftService] [39m[32mJerasoft database connection established[39m
[32m[Nest] 13920  - [39m06/05/2026, 6:44:01 AM [32m    LOG[39m [38;5;3m[SchedulerService] [39m[32mLoading 3 active datasets for scheduling[39m
[32m[Nest] 13920  - [39m06/05/2026, 6:44:01 AM [32m    LOG[39m [38;5;3m[SchedulerService] [39m[32mScheduled dataset: Clients (*/45 * * * *)[39m
[32m[Nest] 13920  - [39m06/05/2026, 6:44:01 AM [32m    LOG[39m [38;5;3m[SchedulerService] [39m[32mScheduled dataset: Pre-Payment CL (0 */6 * * *)[39m
[32m[Nest] 13920  - [39m06/05/2026, 6:44:01 AM [32m    LOG[39m [38;5;3m[SchedulerService] [39m[32mScheduled dataset: Zamani Traffic (0 1 * * *)[39m
[32m[Nest] 13920  - [39m06/05/2026, 6:44:01 AM [32m    LOG[39m [38;5;3m[ConditionSchedulerService] [39m[32mRegistered 0 condition trigger job(s)[39m
[32m[Nest] 13920  - [39m06/05/2026, 6:44:01 AM [32m    LOG[39m [38;5;3m[ZamaniReportService] [39m[32mUpdated Zamani Traffic dataset SQL (UNION ALL → UNION)[39m
[32m[Nest] 13920  - [39m06/05/2026, 6:44:01 AM [32m    LOG[39m [38;5;3m[NestApplication] [39m[32mNest application successfully started[39m[38;5;3m +7ms[39m
AMS Backend running on port 3001
[32m[Nest] 13920  - [39m06/05/2026, 6:44:03 AM [32m    LOG[39m [38;5;3m[EventsGateway] [39m[32mClient connected: diHbuFqAP8ibJMaLAAAB (user: admin@hayo.net)[39m
[32m[Nest] 13920  - [39m06/05/2026, 6:45:00 AM [32m    LOG[39m [38;5;3m[SchedulerService] [39m[32mStarting refresh cycle for dataset: Clients[39m
[32m[Nest] 13920  - [39m06/05/2026, 6:45:00 AM [32m    LOG[39m [38;5;3m[StageService] [39m[32mRefreshing dataset: Clients (12101354-591e-4c20-ae11-56c02c340493)[39m
[32m[Nest] 13920  - [39m06/05/2026, 6:45:00 AM [32m    LOG[39m [38;5;3m[StageService] [39m[32mDataset Clients refreshed: 992 rows in 595ms[39m
[32m[Nest] 13920  - [39m06/05/2026, 7:00:00 AM [32m    LOG[39m [38;5;3m[SchedulerService] [39m[32mStarting refresh cycle for dataset: Clients[39m
[32m[Nest] 13920  - [39m06/05/2026, 7:00:00 AM [32m    LOG[39m [38;5;3m[StageService] [39m[32mRefreshing dataset: Clients (12101354-591e-4c20-ae11-56c02c340493)[39m
[32m[Nest] 13920  - [39m06/05/2026, 7:00:00 AM [32m    LOG[39m [38;5;3m[StageService] [39m[32mDataset Clients refreshed: 992 rows in 606ms[39m
[32m[Nest] 13920  - [39m06/05/2026, 7:45:00 AM [32m    LOG[39m [38;5;3m[SchedulerService] [39m[32mStarting refresh cycle for dataset: Clients[39m
[32m[Nest] 13920  - [39m06/05/2026, 7:45:00 AM [32m    LOG[39m [38;5;3m[StageService] [39m[32mRefreshing dataset: Clients (12101354-591e-4c20-ae11-56c02c340493)[39m
[32m[Nest] 13920  - [39m06/05/2026, 7:45:00 AM [32m    LOG[39m [38;5;3m[StageService] [39m[32mDataset Clients refreshed: 992 rows in 581ms[39m
[32m[Nest] 13920  - [39m06/05/2026, 8:00:00 AM [32m    LOG[39m [38;5;3m[SchedulerService] [39m[32mStarting refresh cycle for dataset: Clients[39m
[32m[Nest] 13920  - [39m06/05/2026, 8:00:00 AM [32m    LOG[39m [38;5;3m[StageService] [39m[32mRefreshing dataset: Clients (12101354-591e-4c20-ae11-56c02c340493)[39m
[32m[Nest] 13920  - [39m06/05/2026, 8:00:00 AM [32m    LOG[39m [38;5;3m[StageService] [39m[32mDataset Clients refreshed: 992 rows in 539ms[39m
[32m[Nest] 13920  - [39m06/05/2026, 8:45:00 AM [32m    LOG[39m [38;5;3m[SchedulerService] [39m[32mStarting refresh cycle for dataset: Clients[39m
[32m[Nest] 13920  - [39m06/05/2026, 8:45:00 AM [32m    LOG[39m [38;5;3m[StageService] [39m[32mRefreshing dataset: Clients (12101354-591e-4c20-ae11-56c02c340493)[39m
[32m[Nest] 13920  - [39m06/05/2026, 8:45:00 AM [32m    LOG[39m [38;5;3m[StageService] [39m[32mDataset Clients refreshed: 992 rows in 558ms[39m
[32m[Nest] 13920  - [39m06/05/2026, 9:00:00 AM [32m    LOG[39m [38;5;3m[SchedulerService] [39m[32mStarting refresh cycle for dataset: Clients[39m
[32m[Nest] 13920  - [39m06/05/2026, 9:00:00 AM [32m    LOG[39m [38;5;3m[StageService] [39m[32mRefreshing dataset: Clients (12101354-591e-4c20-ae11-56c02c340493)[39m
[32m[Nest] 13920  - [39m06/05/2026, 9:00:00 AM [32m    LOG[39m [38;5;3m[StageService] [39m[32mDataset Clients refreshed: 992 rows in 520ms[39m
[32m[Nest] 13920  - [39m06/05/2026, 9:45:00 AM [32m    LOG[39m [38;5;3m[SchedulerService] [39m[32mStarting refresh cycle for dataset: Clients[39m
[32m[Nest] 13920  - [39m06/05/2026, 9:45:00 AM [32m    LOG[39m [38;5;3m[StageService] [39m[32mRefreshing dataset: Clients (12101354-591e-4c20-ae11-56c02c340493)[39m
[32m[Nest] 13920  - [39m06/05/2026, 9:45:00 AM [32m    LOG[39m [38;5;3m[StageService] [39m[32mDataset Clients refreshed: 992 rows in 525ms[39m
[32m[Nest] 13920  - [39m06/05/2026, 10:00:00 AM [32m    LOG[39m [38;5;3m[SchedulerService] [39m[32mStarting refresh cycle for dataset: Clients[39m
[32m[Nest] 13920  - [39m06/05/2026, 10:00:00 AM [32m    LOG[39m [38;5;3m[StageService] [39m[32mRefreshing dataset: Clients (12101354-591e-4c20-ae11-56c02c340493)[39m
[32m[Nest] 13920  - [39m06/05/2026, 10:00:00 AM [32m    LOG[39m [38;5;3m[StageService] [39m[32mDataset Clients refreshed: 992 rows in 539ms[39m
[32m[Nest] 13920  - [39m06/05/2026, 10:22:22 AM [32m    LOG[39m [38;5;3m[EventsGateway] [39m[32mClient disconnected: diHbuFqAP8ibJMaLAAAB[39m
[32m[Nest] 13920  - [39m06/05/2026, 10:22:24 AM [32m    LOG[39m [38;5;3m[EventsGateway] [39m[32mClient connected: reNWD0kd-Ebs3L-lAAAG (user: admin@hayo.net)[39m
[95m[Nest] 13920  - [39m06/05/2026, 10:29:11 AM [95m  DEBUG[39m [38;5;3m[EventsGateway] [39m[95mClient reNWD0kd-Ebs3L-lAAAG subscribed to dataset:40e661e9-90b7-499d-8350-4b08faf283e7[39m
[95m[Nest] 13920  - [39m06/05/2026, 10:29:11 AM [95m  DEBUG[39m [38;5;3m[EventsGateway] [39m[95mClient reNWD0kd-Ebs3L-lAAAG unsubscribed from dataset:40e661e9-90b7-499d-8350-4b08faf283e7[39m
[95m[Nest] 13920  - [39m06/05/2026, 10:29:11 AM [95m  DEBUG[39m [38;5;3m[EventsGateway] [39m[95mClient reNWD0kd-Ebs3L-lAAAG subscribed to dataset:40e661e9-90b7-499d-8350-4b08faf283e7[39m
query failed: SELECT * FROM zamani_traffic t  ORDER BY id DESC LIMIT 50 OFFSET 0
error: error: column "id" does not exist
[31m[Nest] 13920  - [39m06/05/2026, 10:29:11 AM [31m  ERROR[39m [38;5;3m[DashboardService] [39m[31mError getting dataset data[39m
[31m[Nest] 13920  - [39m06/05/2026, 10:29:11 AM [31m  ERROR[39m [38;5;3m[DashboardService] [39m[31mQueryFailedError: column "id" does not exist[39m
[31m[Nest] 13920  - [39m06/05/2026, 10:29:11 AM [31m  ERROR[39m [38;5;3m[ExceptionsHandler] [39m[31mcolumn "id" does not exist[39m
QueryFailedError: column "id" does not exist
    at PostgresQueryRunner.query (C:\Users\bidbadmin\PyCharmMiscProject\AMS\backend\node_modules\typeorm\driver\src\driver\postgres\PostgresQueryRunner.ts:325:19)
    at process.processTicksAndRejections (node:internal/process/task_queues:95:5)
    at async DataSource.query (C:\Users\bidbadmin\PyCharmMiscProject\AMS\backend\node_modules\typeorm\data-source\src\data-source\DataSource.ts:541:20)
    at async DashboardService.getData (C:\Users\bidbadmin\PyCharmMiscProject\AMS\backend\src\dashboard\dashboard.service.ts:126:26)
query failed: SELECT * FROM zamani_traffic t  ORDER BY id DESC LIMIT 50 OFFSET 0
error: error: column "id" does not exist
[31m[Nest] 13920  - [39m06/05/2026, 10:29:12 AM [31m  ERROR[39m [38;5;3m[DashboardService] [39m[31mError getting dataset data[39m
[31m[Nest] 13920  - [39m06/05/2026, 10:29:12 AM [31m  ERROR[39m [38;5;3m[DashboardService] [39m[31mQueryFailedError: column "id" does not exist[39m
[31m[Nest] 13920  - [39m06/05/2026, 10:29:12 AM [31m  ERROR[39m [38;5;3m[ExceptionsHandler] [39m[31mcolumn "id" does not exist[39m
QueryFailedError: column "id" does not exist
    at PostgresQueryRunner.query (C:\Users\bidbadmin\PyCharmMiscProject\AMS\backend\node_modules\typeorm\driver\src\driver\postgres\PostgresQueryRunner.ts:325:19)
    at process.processTicksAndRejections (node:internal/process/task_queues:95:5)
    at async DataSource.query (C:\Users\bidbadmin\PyCharmMiscProject\AMS\backend\node_modules\typeorm\data-source\src\data-source\DataSource.ts:541:20)
    at async DashboardService.getData (C:\Users\bidbadmin\PyCharmMiscProject\AMS\backend\src\dashboard\dashboard.service.ts:126:26)
[32m[Nest] 13920  - [39m06/05/2026, 10:29:12 AM [32m    LOG[39m [38;5;3m[SchedulerService] [39m[32mStarting refresh cycle for dataset: Zamani Traffic[39m
[32m[Nest] 13920  - [39m06/05/2026, 10:29:12 AM [32m    LOG[39m [38;5;3m[StageService] [39m[32mRefreshing dataset: Zamani Traffic (40e661e9-90b7-499d-8350-4b08faf283e7)[39m
[95m[Nest] 13920  - [39m06/05/2026, 10:29:20 AM [95m  DEBUG[39m [38;5;3m[EventsGateway] [39m[95mClient reNWD0kd-Ebs3L-lAAAG unsubscribed from dataset:40e661e9-90b7-499d-8350-4b08faf283e7[39m
[32m[Nest] 13920  - [39m06/05/2026, 10:29:22 AM [32m    LOG[39m [38;5;3m[StageService] [39m[32mDataset Zamani Traffic refreshed: 9464 rows in 9971ms[39m
[32m[Nest] 13920  - [39m06/05/2026, 10:29:37 AM [32m    LOG[39m [38;5;3m[EventsGateway] [39m[32mClient disconnected: reNWD0kd-Ebs3L-lAAAG[39m
[32m[Nest] 13920  - [39m06/05/2026, 10:29:40 AM [32m    LOG[39m [38;5;3m[EventsGateway] [39m[32mClient connected: UKiq7Z3WnYYM3IUSAAAK (user: admin@hayo.net)[39m
